[{"model": "movies.genre", "pk": 12, "fields": {"name": "모험"}}, {"model": "movies.genre", "pk": 14, "fields": {"name": "판타지"}}, {"model": "movies.genre", "pk": 16, "fields": {"name": "애니메이션"}}, {"model": "movies.genre", "pk": 18, "fields": {"name": "드라마"}}, {"model": "movies.genre", "pk": 27, "fields": {"name": "공포"}}, {"model": "movies.genre", "pk": 28, "fields": {"name": "액션"}}, {"model": "movies.genre", "pk": 35, "fields": {"name": "코미디"}}, {"model": "movies.genre", "pk": 36, "fields": {"name": "역사"}}, {"model": "movies.genre", "pk": 37, "fields": {"name": "서부"}}, {"model": "movies.genre", "pk": 53, "fields": {"name": "스릴러"}}, {"model": "movies.genre", "pk": 80, "fields": {"name": "범죄"}}, {"model": "movies.genre", "pk": 99, "fields": {"name": "다큐멘터리"}}, {"model": "movies.genre", "pk": 878, "fields": {"name": "SF"}}, {"model": "movies.genre", "pk": 9648, "fields": {"name": "미스터리"}}, {"model": "movies.genre", "pk": 10402, "fields": {"name": "음악"}}, {"model": "movies.genre", "pk": 10749, "fields": {"name": "로맨스"}}, {"model": "movies.genre", "pk": 10751, "fields": {"name": "가족"}}, {"model": "movies.genre", "pk": 10752, "fields": {"name": "전쟁"}}, {"model": "movies.genre", "pk": 10770, "fields": {"name": "TV 영화"}}, {"model": "movies.movie", "pk": 11, "fields": {"title": "스타워즈 에피소드 4: 새로운 희망", "poster_path": "/7XFfURIFCJxN1mfBg0SAjk5yGzg.jpg", "overview": "공화국이 붕괴하고 제국이 수립된 뒤 20년, 제다이 기사단은 전멸하고 강력한 제국군의 횡포에 은하계는 공포에 휩싸여 있다. 그러던 중 공화국 재건을 노리는 반란군이 제국군의 비밀병기 데스스타 설계도를 훔쳐 달아나고 제국군은 이를 쫓는다. 하지만 결국 제국의 손에 붙잡히게 된 그들은 드로이드 R2-D2에 설계도를 넣어서 R2의 친구 C-3PO와 탈출시키는 데 성공하고, 두 드로이드 콤비는 타투인의 시골 마을에서 숙부와 함께 살고 있던 청년 루크 스카이워커에게 오게 되는데...", "vote_average": 8.2, "genres": [12, 28, 878], "like_users": [1], "win_movies": [11]}}, {"model": "movies.movie", "pk": 13, "fields": {"title": "포레스트 검프", "poster_path": "/xdJxoq0dtkchOkUz5UVKuxn7a2V.jpg", "overview": "불편한 다리, 남들보다 조금 떨어지는 지능을 가진 포레스트 검프는 헌신적인 어머니의 보살핌과 첫사랑 제니와의 만남으로 편견과 괴롭힘 속에서도 따뜻한 마음을 지니고 성장한다. 또래들의 괴롭힘을 피해 도망치던 포레스트는 누구보다 빠르게 달릴 수 있는 자신의 재능을 깨닫는다. 그의 재능을 알아 본 대학에서 그를 미식축구 선수로 발탁하고, 졸업 후에도 뛰어난 신체능력으로 군에 들어가 무공훈장을 수여받는 등 탄탄한 인생 가도에 오르게 된 포레스트. 하지만 어머니가 병에 걸려 죽음을 맞이하고, 첫사랑 제니 역시 그의 곁을 떠나가며 다시 한 번 인생의 전환점을 맞이하게 되는데...", "vote_average": 8.5, "genres": [18, 35, 10749], "like_users": [2], "win_movies": [11]}}, {"model": "movies.movie", "pk": 28, "fields": {"title": "지옥의 묵시록", "poster_path": "/giP5yeJBrsqglkM05pbiTyRsoBa.jpg", "overview": "미국 특수부대의 윌라드 대위는 고향에 돌아갔다가 아내가 내민 이혼장에 도장을 찍고 다시 정글로 돌아온다. 혼돈과 막연한 갈망에 시달리던 윌라드에게 떨어진 임무는 캄보디아에 자신의 왕국을 건설한 커츠 대령을 암살하라는 것. 커츠 대령은 한때 가장 뛰어난 군인으로 인정받았으나 미국의 통제를 벗어나 캄보디아에서 독자적인 왕국을 거느리고 있다. 윌라드 대위는 4명의 병사들과 함께 커츠 대령을 찾아 나선다. 폭염과 광기로 가득한 전투를 겪으면서 두려움과 공포로 이성을 잃어가던 그들은 마침내 커츠 대령의 왕국에 도착한다. 그리고 그곳에서 윌라드 대위는 상상을 초월하는 진실을 마주하게 되는데...", "vote_average": 8.3, "genres": [18, 10752], "like_users": [], "win_movies": []}}, {"model": "movies.movie", "pk": 73, "fields": {"title": "아메리칸 히스토리 X", "poster_path": "/nm4XkYBt79ZjUQj6Rqxxzl1Wt3c.jpg", "overview": "3년 전 강도 사건으로 소방수였던 아버지를 잃은 데렉은 백인 우월주의자들의 모임인 DOC에 관심을 갖게 되면서 유색인종에게 그 분노와 증오를 터트린다. 그는 혐오스러운 유색인종들을 이 땅에서 몰아내야 한다고 주장하면서 강렬한 카리스마로 동료들 사이에서 영웅이 된다. 가족들은 그런 그의 모습을 걱정하여 만류하지만, 단 한 사람, 동생 대니만은 그를 전적으로 믿고 따른다. 어느 날, 데렉에게 적대감을 품은 흑인들이 아버지의 낡은 밴을 훔치러 왔을 때 그는 서슴없이 그들에게 총을 겨눈다. 그리고는 총을 맞고 신음하는 그를 참혹하게 죽이고 마는데...", "vote_average": 8.4, "genres": [18], "like_users": [], "win_movies": []}}, {"model": "movies.movie", "pk": 77, "fields": {"title": "메멘토", "poster_path": "/vqxdADPdy0ZVJr8dMB3mh6C5Vsv.jpg", "overview": "전직 보험 수사관이었던 레너드에게 기억이란 없다. 자신의 아내가 강간당하고 살해되던 날의 충격으로 기억을 10분 이상 지속시키지 못하는 단기 기억상실증 환자가 되었던 것이다. 그가 마지막으로 기억하고 있는 것은 자신의 이름이 레너드 셸비 라는 것과 아내가 강간당하고 살해당했다는 것, 그리고 범인은 존 G 라는 것이 전부. 레너드는 자신의 가정을 파탄 낸 범인을 찾기 위한 방법으로 메모와 문신을 사용하게 된다. 하지만 진실에 다가갈수록 자신의 기억, 주위 사람들에 대한 의심이 갈수록 커져만 가는데...", "vote_average": 8.2, "genres": [53, 9648], "like_users": [], "win_movies": []}}, {"model": "movies.movie", "pk": 98, "fields": {"title": "글래디에이터", "poster_path": "/yemF0xxGU56Pf3JXxVr4C6kuKng.jpg", "overview": "죽을 날이 머지않은 황제 마르쿠스 아우렐리우스는 막시무스를 총애하여 아들이 아닌 그에게 권력을 넘겨주기로 한다. 황제의 아들 코모두스는 이에 질투와 분노를 느껴 황제를 살해한다. 왕좌를 이어받은 코모두스는 막시무스와 그의 가족을 죽이라고 명령한다. 가족을 모두 잃고 겨우 살아남은 막시무스는 노예로 전락하고, 투기장의 검투사가 된다. 그에게 남은 건 오직 황제 코모두스에 대한 복수 뿐. 검투사로서 매 경기마다 승리로 이끌면서 살아남자 그의 명성은 날로 높아 간다. 그러던 어느 날 오래 전 사랑했던 황제의 누이 루실라를 다시 만나게 되는데...", "vote_average": 8.2, "genres": [12, 18, 28], "like_users": [1], "win_movies": []}}, {"model": "movies.movie", "pk": 101, "fields": {"title": "레옹", "poster_path": "/nmLhnK0Jxyj3WYZADgvrwFUY0wk.jpg", "overview": "한 손엔 우유 2팩이 든 가방, 다른 한 손엔 화분을 들고 뿌리 없이 떠도는 킬러 레옹은 어느 날 옆 집 소녀 마틸다의 일가족이 몰살 당하는 것을 목격한다. 그 사이 심부름을 갔다 돌아 온 마틸다는 가족들이 처참히 몰살 당하자 레옹에게 도움을 청한다. 가족의 원수를 갚기 위해 킬러가 되기로 결심한 12세 소녀 마틸다는 레옹에게 글을 알려주는 대신 복수하는 법을 배우고, 그 사이 레옹에 대한 사랑을 키워나간다. 드디어 그녀는 가족을 죽인 사람이 부패한 마약 경찰 스탠스임을 알게 되고, 홀로 그의 사무실로 향하게 되는데...", "vote_average": 8.3, "genres": [18, 28, 80], "like_users": [2], "win_movies": [11, 105, 423]}}, {"model": "movies.movie", "pk": 105, "fields": {"title": "빽 투 더 퓨쳐", "poster_path": "/7gGicAJdHRzaUd6qLjH5bSW4Cgi.jpg", "overview": "마티 맥플라이(마이클 J. 폭스)는 평범한 고등학생이다. 그런데 평소 친하게 지내던 괴상한 발명가 에메트 브라운 박사(크리스토퍼 로이드)가 스포츠카 드로리안을 개조해 타임머신을 만들고, 뜻밖의 사고로 브라운 박사가 테러범들에게 총을 맞고 위험해진 상황에서 마티는 30년 전으로 가게 된다. 극장 간판에는 2류 배우인 로널드 레이건이 보이고 청년인 아버지와 어머니를 보게 된다. 젊은 아버진 멍청하고, 어머니는 미래의 아들인 마티를 좋아해 야단이다. 마티가 미래로 가는 것을 도와 줄 사람은 30년 전인 젊은 브라운 박사뿐인데...", "vote_average": 8.3, "genres": [12, 35, 878], "like_users": [], "win_movies": []}}, {"model": "movies.movie", "pk": 120, "fields": {"title": "반지의 제왕: 반지 원정대", "poster_path": "/7uCvKNKKLRqYYyHIRpphi3yUE6Z.jpg", "overview": "호빗이라 불리우는 난장이 종족 중의 한 명인 프로도는 자신의 삼촌에게서 우연히 절대 반지를 물려받게 되고, 마법사 간달프를 통해서 절대반지가 사우론의 손에 들어가면 악의 세력이 세상을 지배하게 된다는 것을 알게 된다. 하지만 절대반지를 영원히 파괴할 수 있는 유일한 방법은 반지가 만들어진 불의 산의 용암에 그것을 던져 넣는 길 뿐이다. 마침내 프로도와 그의 친구들, 엘프족인 레골라스, 난장이족 김리, 두명의 인간 전사 아라곤과 보로미르, 그리고 마법사 간달프로 구성된 반지 원정대가 길고도 험난한 여정을 떠나게 되는데...", "vote_average": 8.4, "genres": [12, 14, 28], "like_users": [], "win_movies": [121]}}, {"model": "movies.movie", "pk": 121, "fields": {"title": "반지의 제왕: 두 개의 탑", "poster_path": "/hjGjAdEPJF2unG8yseu5mcVb5cx.jpg", "overview": "9명의 반지원정대는 사우론의 세력에 맞서 반지를 지켜냈지만 반지 원정대는 뿔뿔이 흩어지게 된다. 메리와 피핀을 구하기 위해 우르크하이 군대를 추격하던 아라곤과 레골라스, 김리는 유령 숲에서 백색의 마법사로 부활한 마법사 간달프를 만나게 되고 사우론이 암흑세계의 두 개의 탑을 통합하여 점점 그 세력을 넓혀가고 있다는 사실을 듣게 된다. 이에 아라곤과 원정대는 중간계의 선한 무리의 통합을 이뤄 사우론의 세력을 견제해야 하는 큰 임무를 맡게 된다. 하지만 원수지간인 곤도르와 로한으로 나뉜 인간 종족의 통합은 쉽지 않고 게다가 로한의 왕마저 사루만에게 동화되는데...", "vote_average": 8.4, "genres": [12, 14, 28], "like_users": [1], "win_movies": []}}, {"model": "movies.movie", "pk": 122, "fields": {"title": "반지의 제왕: 왕의 귀환", "poster_path": "/tAXXuEAKLk2mOEIJzwajJQEnVZu.jpg", "overview": "사우론이 인간들의 마지막 요새인 곤도르를 향해 야욕을 드러내고 있는 한편, 아라곤은 쇠락해가고 있는 곤도르의 재건을 위해 왕위 계승을 신중하게 결정지어야만 하는 상황. 이제 중간대륙의 미래는 그의 어깨에 달려있는 것. 사우론이 이끄는 어둠의 군대와의 마지막 전투를 위해 간달프는 곤도르에 흩어져 있던 병사들을 모으고, 로한의 왕 세오덴에게 도움을 받기도 하지만 사우론의 군대에 비하면 열세를 면치 못한다. 그러나 그들은 중간대륙을 사우론의 야욕으로부터 지키려는 사명감과, 마지막 반지 운반자에게 임무를 끝낼 기회를 주기 위해 어둠의 군대를 향해 돌진하게 되는데...", "vote_average": 8.5, "genres": [12, 14, 28], "like_users": [], "win_movies": []}}, {"model": "movies.movie", "pk": 128, "fields": {"title": "모노노케 히메", "poster_path": "/kBlI1WEWbfYyrh5nuAH2whzWx9Y.jpg", "overview": "북쪽의 끝, 에미시족의 마을에 어느 날 갑자기 재앙신이 나타나 마을을 위협한다. 이에 강한 힘을 소유한 에미시족의 후계자인 아시타카는 결투 끝에 포악해진 재앙신을 쓰러트리지만 싸움 도중 오른팔에 저주의 상처를 받고 죽어야 할 운명에 처하게 된다. 결국 재앙신의 탄생 원인을 밝혀 자신의 저주를 없애기 위해 서쪽으로 길을 떠난 아시카타는 여행 중에 지코라는 미스테리한 수도승을 만나 재앙 신이 생겨나게 된 이유가 서쪽 끝에 있는 시시신의 숲과 관련이 깊다는 이야기를 듣게 되고 한시 바삐 서쪽으로 향한다.", "vote_average": 8.3, "genres": [12, 14, 16], "like_users": [1, 2], "win_movies": [120, 129, 1891, 299534, 324857, 372058]}}, {"model": "movies.movie", "pk": 129, "fields": {"title": "센과 치히로의 행방불명", "poster_path": "/u1L4qxIu5sC2P082uMHYt7Ifvnj.jpg", "overview": "평범한 열 살 짜리 소녀 치히로 식구는 이사 가던 중 길을 잘못 들어 낡은 터널을 지나가게 된다. 터널 저편엔 폐허가 된 놀이공원이 있었고 그곳엔 이상한 기운이 흘렀다. 인기척 하나 없는 이 마을의 낯선 분위기에 불길한 기운을 느낀 치히로는 부모님에게 돌아가자고 조르지만 부모님은 호기심에 들떠 마을 곳곳을 돌아다니기 시작한다. 어느 음식점에 도착한 치히로의 부모님은 그 곳에 차려진 음식들을 보고 즐거워하며 허겁지겁 먹어대다가 돼지로 변해버린다. 겁에 질려 당황하는 치히로에게 낯선 소년 하쿠가 나타나 빨리 이곳을 나가라고 소리치는데...", "vote_average": 8.5, "genres": [14, 16, 10751], "like_users": [2], "win_movies": []}}, {"model": "movies.movie", "pk": 155, "fields": {"title": "다크 나이트", "poster_path": "/f6dNinWX8rBM79JXKcShkfSh2oA.jpg", "overview": "범죄와 부정부패를 제거하여 고담시를 지키려는 배트맨. 그는 짐 고든 형사와 패기 넘치는 고담시 지방 검사 하비 덴트와 함께 도시를 범죄 조직으로부터 영원히 구원하고자 한다. 세 명의 의기투합으로 위기에 처한 악당들이 모인 자리에 보라색 양복을 입고 얼굴에 짙게 화장을 한 괴이한 존재가 나타나 배트맨을 죽이자는 사상 초유의 제안을 한다. 그는 바로 어떠한 룰도, 목적도 없는 사상 최악의 악당 미치광이 살인광대 조커. 배트맨을 죽이고 고담시를 끝장내버리기 위한 조커의 광기 어린 행각에 도시는 혼란에 빠지는데...", "vote_average": 8.5, "genres": [18, 28, 53, 80], "like_users": [], "win_movies": []}}, {"model": "movies.movie", "pk": 207, "fields": {"title": "죽은 시인의 사회", "poster_path": "/41AJ4X5TRWpECsiMIKS8so4MSsD.jpg", "overview": "1859년에 창립된 미국의 명문 사립학교인 웰튼 고등학교의 새 학기를 맞아 신입생들도 들어오고, 이 학교 출신인 새로운 영어 교사 존 키팅(로빈 윌리엄스)도 부임한다. 키팅 선생은 학생들에게 관습에 맞서고 자신의 삶을 남다르게 가꾸라며 새로운 학습 방법으로 학생들을 지도하며 학생들에게 신선한 충격을 준다. 닐(로버트 숀 레오나드)은 키팅 선생을 캡틴이라 부르며 따르게 되고, 몇몇 학생들과 함께 죽은 시인의 사회라는 시낭독 클럽을 조직한다. 닐과 그의 친구들은 엄격한 학교 규율을 어기고 서클에 참여하면서 키팅 선생을 통해 참된 인생이 무엇인지를 조금씩 느끼게 되는데...", "vote_average": 8.3, "genres": [18], "like_users": [], "win_movies": []}}, {"model": "movies.movie", "pk": 238, "fields": {"title": "대부", "poster_path": "/cOwVs8eYA4G9ZQs7hIRSoiZr46Q.jpg", "overview": "시실리에서 이민온 뒤, 정치권까지 영향력을 미치는 거물로 자리잡은 돈 꼴레오네는 갖가지 고민을 호소하는 사람들의 문제를 해결해주며 대부라 불리운다. 한편 솔로소라는 인물은 꼴레오네가와 라이벌인 탓타리아 패밀리와 손잡고 새로운 마약 사업을 제안한다. 돈 꼴레오네가 마약 사업에 참여하지 않기로 하자, 돈 꼴레오네를 저격해 그는 중상을 입고 사경을 헤매게 된다. 그 뒤, 돈 꼴레오네의 아들 소니는 조직력을 총 동원해 다른 패밀리들과 피를 부르는 전쟁을 시작하는데... 가족의 사업과 상관없이 대학에 진학한 뒤 인텔리로 지내왔던 막내 아들 마이클은 아버지가 총격을 당한 뒤, 아버지를 구하기 위해 위험천만한 협상 자리에 나선다.", "vote_average": 8.7, "genres": [18, 80], "like_users": [2], "win_movies": [278]}}, {"model": "movies.movie", "pk": 274, "fields": {"title": "양들의 침묵", "poster_path": "/5ipQH8X3qvWKI3CEGeUPemNRXtq.jpg", "overview": "FBI 요원 스탈링은 몸집이 비대한 여자들의 살을 도려내는 변태 살인마를 추적하라는 상부의 명령을 받는다. 스탈링은 사건 해결의 단서를 얻기 위해 인육을 먹은 죄로 감옥에 수감된 정신과 의사 렉터 박사를 찾아간다. 지능범인 렉터와 침착하게 대처하는 스탈링은 긴장감 속에서 협상을 한다. 이러한 와중에 상원 의원의 딸 캐더린이 납치된다. 결국 범인의 정체를 알려준다던 렉터는 다른 감옥으로 이송되고 스탈링은 수사에서 제외된다. 범인에 대한 단서를 알아낸 범죄 심리 전문가인 렉터는 이송 중에 도주하고, 스탈링은 렉터와 나눈 마지막 대화를 기억하고 수사를 계속하는데...", "vote_average": 8.3, "genres": [18, 53, 80], "like_users": [], "win_movies": []}}, {"model": "movies.movie", "pk": 278, "fields": {"title": "쇼생크 탈출", "poster_path": "/oAt6OtpwYCdJI76AVtVKW1eorYx.jpg", "overview": "촉망받는 은행 간부 앤디 듀프레인은 아내와 그녀의 정부를 살해했다는 누명을 쓴다. 주변의 증언과 살해 현장의 그럴듯한 증거들로 그는 종신형을 선고받고 악질범들만 수용한다는 지옥같은 교도소 쇼생크로 향한다. 인간 말종 쓰레기들만 모인 그곳에서 그는 이루 말할 수 없는 억압과 짐승보다 못한 취급을 당한다. 그러던 어느 날, 간수의 세금을 면제받게 해 준 덕분에 그는 일약 교도소의 비공식 회계사로 일하게 된다. 그 와중에 교도소 소장은 죄수들을 이리저리 부리면서 검은 돈을 긁어 모으고 앤디는 이 돈을 세탁하여 불려주면서 그의 돈을 관리하는데...", "vote_average": 8.7, "genres": [18, 80], "like_users": [], "win_movies": []}}, {"model": "movies.movie", "pk": 311, "fields": {"title": "원스 어폰 어 타임 인 아메리카", "poster_path": "/xbuc6sjIIopkA1Ep24rR6yCw0DK.jpg", "overview": "1921년, 좀도둑질을 일삼던 누들스는 친구들과 함께 밀수품 운반 일을 하며 돈을 벌어들인다. 누들스 무리에 위협을 느낀 벅시는 누들스의 친구를 죽이고, 분노한 누들스는 벅시를 살해한 후 감옥에 들어가게 된다. 1932년, 출소한 누들스는 어린 시절 첫사랑 데보라와 밀주 사업으로 크게 성공한 맥스를 다시 만나지만, 금주법 철폐로 밀주 사업도 위기를 맞는다. 맥스는 누들스에게 연방준비은행을 털 것을 제안하지만 누들스는 거절한다. 1968년, 베일리 재단 파티에 초대 받은 누들스는 재단 창립 기념 사진 속에서 데보라를 발견하고 그녀를 찾아가는데...", "vote_average": 8.4, "genres": [18, 80], "like_users": [], "win_movies": []}}, {"model": "movies.movie", "pk": 335, "fields": {"title": "옛날 옛적 서부에서", "poster_path": "/6ldVV8isyLQcFy6VHK8jeGgvepF.jpg", "overview": "프랭크가 보낸 세명의 총잡이가 기차역에서 누군가를 기다린다. 드디어 그들이 기다리던 한 남자가 하모니카를 불며 기차역에 도착하고, 그들 세 총잡이는 모두 이름 없는 그 남자의 총에 쓰러진다. 한편, 프랭크와 그 부하들은 아일랜드 출신인 맥베인 일가를 잔인하게 살해하는데, 뉴올리언즈에서 이제 막 도착한 맥베인의 새 아내 질로서는 황망할 수밖에 없다. 두 사람은 한달 전 이미 결혼을 한 상태였다.  다시 뉴올리언즈로 돌아가려던 질은 마음을 고쳐먹고 맥베인과 아이들의 시체만 있는 그 집에서 혼자 생활을 시작한다.", "vote_average": 8.3, "genres": [18, 37], "like_users": [], "win_movies": []}}, {"model": "movies.movie", "pk": 423, "fields": {"title": "피아니스트", "poster_path": "/t7L2YDpu635qKT3ehqZxry4yvTX.jpg", "overview": "1939년 폴란드 바르샤바, 유명한 유대계 피아니스트 블라디슬로프 스필만은 한 인기 라디오 프로그램에서 쇼팽의 야상곡을 연주하다 폭격을 당한다. 이후 유태인인 스필만과 가족들은 게토에서 생활하지만, 결국 수용소로 향하는 기차에 몸을 싣게 된다. 가족들을 죽음으로 내보내고 간신히 목숨을 구한 스필만은 허기와 추위, 고독과 공포 속에서 마지막까지 생존해 나간다. 자신을 도와주던 몇몇의 사람마저 떠나고, 자신만의 은신처에서 끈질기게 생존을 유지하는 스필만. 어둠과 추위로 가득한 폐건물 속에서 은신생활 중 스필만은 우연찮게 순찰을 돌던 독일 장교에게 발각되는데...", "vote_average": 8.4, "genres": [18, 10752], "like_users": [1], "win_movies": []}}, {"model": "movies.movie", "pk": 424, "fields": {"title": "쉰들러 리스트", "poster_path": "/oyyUcGwLX7LTFS1pQbLrQpyzIyt.jpg", "overview": "2차 세계대전 당시 독일군이 점령한 폴란드. 시류에 맞춰 자신의 성공을 추구하는 기회주의자 쉰들러는 유태인이 경영하는 그릇 공장을 인수한다. 그는 공장을 인수하기 위해 나찌 당원이 되고 독일군에게 뇌물을 바치는 등 갖은 방법을 동원한다. 그러나 냉혹한 기회주의자였던 쉰들러는 유태인 회계사인 스턴과 친분을 맺으면서 냉혹한 유태인 학살에 대한 양심의 소리를 듣기 시작한다. 마침내 그는 강제 수용소로 끌려가 죽음을 맞게될 유태인들을 구해내기로 결심하고, 독일군 장교에게 빼내는 사람 숫자대로 뇌물을 주는 방법으로 유태인들을 구해내려는 계획을 세우는데...", "vote_average": 8.6, "genres": [18, 36, 10752], "like_users": [1], "win_movies": []}}, {"model": "movies.movie", "pk": 426, "fields": {"title": "현기증", "poster_path": "/fqePCJXuCAAmUnG935fLFgk9H6L.jpg", "overview": "스카티는 고소공포증 때문에 경찰을 그만 두고 사립탐정의 길로 들어서게 된다. 어느 날 그는 대학 친구였던 개빈로부터 망령에 사로잡힌 자신의 부인 매들린을 미행해 달라는 부탁을 받는다. 얼마 후 그는 금문교 아래에서 강물에 뛰어든 매들린을 구한 후로 그녀와 사랑에 빠지고 매들린 역시 그에게 사랑을 느끼게 되는데...", "vote_average": 8.2, "genres": [53, 9648, 10749], "like_users": [], "win_movies": []}}, {"model": "movies.movie", "pk": 429, "fields": {"title": "석양의 무법자", "poster_path": "/sOTQkPoEZd7ImsZBuXfu4BqZ6JS.jpg", "overview": "미국의 남북전쟁이 한창인 때, 블론디는 멕시코인 총잡이 투코와 함께 동업 중이다. 블론디는 현상범 투코를 잡아 현상금을 받고, 투코가 교수형을 당하는 순간 구해주는 역할. 한편 세텐자라 불리우는 범죄자는 엄청나 돈이 묻힌 비밀장소를 추적 중이다. 그런데, 투코와 실랑이를 벌이던 블론디는 돈이 묻힌 장소를 죽어가는 사람에게 듣게 되고, 결국 둘은 돈을 찾아 나서는데...", "vote_average": 8.5, "genres": [37], "like_users": [2], "win_movies": [424]}}, {"model": "movies.movie", "pk": 490, "fields": {"title": "제7의 봉인", "poster_path": "/vqg6nFge0udRrXTOmG4vhBkyiYe.jpg", "overview": "14세기 중엽, 기사 안토니우스 블로크는 십자군 전쟁에 참여했다가 10년만에 고국 스웨덴으로 돌아왔으나 페스트가 온 나라를 휩쓸어 고국은 황폐해져 있다. 그의 종자 옌스와 함께 고향으로 돌아가는 여정에서 기사는 죽음의 사자의 방문을 받는다. 기사는 자신의 죽음을 지연시키기 위해 사자에게 체스 게임을 제안하고 사자는 그에 동의한다. 승산이 없는 이 내기에서 블로크가 원하는 것은 체스 게임이 진행되는 동안을 말미 삼아 신의 존재와 구원에 대한 확신을 얻는 것이다. 죽음을 앞둔 삶의 허무를 극복하기 위해 기사는 교회를 찾아가기도 하고 마녀로 낙인이 찍힌 소녀 옆을 지키기도 하지만 그 어디에도 죽음만이 보일 뿐, 신의 구원을 찾을 수 없다. 그러던 중 기사는 광대 부부와 그들의 아기를 만나 충만한 평화를 느끼게 되고, 그들을 지키기 위해 동행을 자처한 기사는 자신의 시종 옌스와 그를 따라나선 여인과 일행을 이루어 길을 떠나는데…", "vote_average": 8.2, "genres": [14, 18], "like_users": [], "win_movies": []}}, {"model": "movies.movie", "pk": 497, "fields": {"title": "그린 마일", "poster_path": "/yuSpRhrTIJa5JN8oESrfD2bndp1.jpg", "overview": "미국 루이지애나의 콜드 마운틴 교도소. 폴은 사형수 감방의 간수장으로 일하고 있다. 그의 일은 사형수들을 감독하고, 그린 마일이라 불리는 초록색 복도를 거쳐 그들을 사형 집행장까지 안내하는 것. 폴은 그들이 죽음을 맞이하는 순간까지 평화롭게 지낼 수 있도록 최선을 다한다. 어느 날 존 커피라는 사형수가 이송되어 온다. 그는 쌍둥이 여자아이를 살해한 흉악범. 하지만 순진한 눈망울에 겁을 잔뜩 집어먹은 그의 모습에 폴은 당혹감을 느낀다. 게다가 그는 초자연적 능력으로 폴의 지병을 깨끗하게 치료해주기까지 한다. 존을 전기 의자로 데려가야 할 날이 다가오면서 폴은 그가 무죄라는 확신을 갖게 되는데...", "vote_average": 8.5, "genres": [14, 18, 80], "like_users": [], "win_movies": []}}, {"model": "movies.movie", "pk": 510, "fields": {"title": "뻐꾸기 둥지 위로 날아간 새", "poster_path": "/eH5F8tz5a0EHed7egeKf4XoNvLD.jpg", "overview": "많은 죄를 짓고 수감중이던 맥머피는 교도소에서 정신 병원으로 후송되는데, 감옥보다는 자유로울 것으로 생각했지만 전혀 그렇지 않다는 것을 깨닫는다. 정신 병원의 여러 환자들과 생활하면서 맥머피는 그들이 겉으로는 전혀 문제가 없어 보이지만 보이지 않는 병원내의 압력에 의해 짓눌려 사는 죽은 인간들임을 간파한다. 그리고 그러한 압력의 주범이 간호사 레취드임을 알게 된다. 맥머피는 환자들을 끌고 병원을 빠져나가 낚시를 다녀오거나 파티를 여는 등 의도적인 반항을 시도하다 결국 탈출을 결심하게 되는데...", "vote_average": 8.4, "genres": [18], "like_users": [], "win_movies": []}}, {"model": "movies.movie", "pk": 539, "fields": {"title": "싸이코", "poster_path": "/vC3P8hH4r3I3fHiRFa1kj6yzeaN.jpg", "overview": "마리온 크레인은 그녀의 애인 샘과 결혼하길 원하지만 샘은 빚을 갚을 때까지 기다리라고 말한다. 그래서 그녀는 자신이 다니고 있는 회사 사장이 은행에 입금하라고 맡긴 돈을 들고 도망친다. 도주 첫날 밤 묵게 된 도로변의 낡은 모텔 주인인 노만 베이츠는 그녀에게 친절하게 대해주며 자신은 모텔 바로 뒤쪽 저택에서 몸이 불편한 어머니와 함께 살고 있다고 말한다. 잠자리에 들기 전 마리온이 샤워를 하는 도중, 난데없이 검은 형상이 욕실에 나타나고 마리온은 실종된다. 마리온을 찾기 위해 그녀의 언니 릴라와 샘, 그리고 보험회사 측에서 고용한 탐정 등 세 사람이 추적에 나서는데...", "vote_average": 8.4, "genres": [18, 27, 53], "like_users": [], "win_movies": []}}, {"model": "movies.movie", "pk": 550, "fields": {"title": "파이트 클럽", "poster_path": "/eKZ07Ted7VHxQjbuZrRBFOamcKJ.jpg", "overview": "자동차 회사의 리콜 심사관으로 일하는 주인공(에드워드 노튼)은 일상의 무료함과 공허함 속에서 늘 새로운 탈출을 꿈꾼다. 그는 비행기에서 자신을 비누 제조업자라고 소개하는 타일러 더든(브래드 피트)을 만난다. 집에 돌아온 주인공은 아파트가 누군가에 의해 폭파되었음을 발견하고, 타일러에게 도움을 청해 함께 생활하게 된다. 어느 날 밤 타일러는 주인공에게 자신을 때려달라고 부탁한다. 사람은 싸워봐야 진정한 자신을 알 수 있다는 것이다. 결국 이들은 매주 토요일 밤 술집 지하에서 맨주먹으로 격투를 벌이는 파이트 클럽을 결성하기에 이르는데...", "vote_average": 8.4, "genres": [18, 35, 53], "like_users": [], "win_movies": []}}, {"model": "movies.movie", "pk": 567, "fields": {"title": "이창", "poster_path": "/jU5Fe7n9rsEBa0uaV5dqGjJGwmX.jpg", "overview": "사진 작가인 제프리스는 촬영 도중 다리가 부러져 휠체어에서 꼼짝할 수 없는 처지이다. 무료함을 견디지 못하는 그는 자신의 그리니치 빌리지에 있는 독신자 아파트에서 뜰 건너편에 사는 사람들의 행동을 관찰하는 것으로 시간을 보낸다. 어느날 건너편 아파트에 사는 한 사람이 아내를 살해한 것으로 의심받을 만한 짓을 한 것을 본 그는 이를 모델인 애인 리사와 친구인 형사 도일에게 말하지만 아무도 그의 말을 믿지 않는다. 그러나 결국 그의 의심이 전혀 근거없는 것은 아니라는 것을 알게 된 리사와 간호부 스텔라는 그의 지시에 따라 범행의 증거를 찾아 부부의 집을 조사하기 시작하는데...", "vote_average": 8.4, "genres": [53, 9648], "like_users": [], "win_movies": []}}, {"model": "movies.movie", "pk": 598, "fields": {"title": "시티 오브 갓", "poster_path": "/iKXrQB16sxeXoc6GlnYjeeZKsOW.jpg", "overview": "빈민가가 막 형성되기 시작한 1960년대, 마을을 지나가는 배달 트럭을 털면서 가족을 부양하는 텐더 삼총사가 주름잡던 그 시기에는 엄연한 룰이 존재했다. 돈은 훔치되 살인은 삼가는 것이다. 이들은 엉뚱한 용의자를 사살하고도 지갑을 챙기는 악질 경찰에 비하면 약자에 불과했다. 텐더 트리오 시대에 종지부를 찍은 제빼게노는 큰 돈을 만지기 위해서는 마약을 다뤄야 함을 알게 된다. 단짝친구 베네는 악랄하기만 할 뿐 주변을 다독일 줄 모르던 제빼게노를 보좌하며 또 다른 룰을 만들어내지만, 위태로운 평화의 유효기간은 그리 길지 않다.", "vote_average": 8.4, "genres": [18, 80], "like_users": [], "win_movies": []}}, {"model": "movies.movie", "pk": 603, "fields": {"title": "매트릭스", "poster_path": "/yI9r0iz2XvlevxUzxvdoQmv3yce.jpg", "overview": "인간의 기억마저 AI에 의해 입력되고 삭제되는 세상, 진짜보다 더 진짜 같은 가상 현실 매트릭스. 그 속에서 진정한 현실을 인식할 수 없게 재배되는 인간들. 그 매트릭스를 빠져 나오면서 AI에게 가장 위험한 인물이 된 모피어스는 몇 안 되는 동료들과 함께 기계와의 전쟁 전후의의 폐허를 떠돌며 인류를 구할 마지막 영웅을 찾아 헤맨다. 마침내 모피어스는 낮에는 평범한 회사원 앤더슨으로, 밤에는 해커로 활동하는 청년 네오를 그로 지목한다. 모피어스의 지시대로 그를 만나게 된 네오는 두개의 알약 중 하나를 고르는 선택을 하게 되는데...", "vote_average": 8.2, "genres": [28, 878], "like_users": [], "win_movies": []}}, {"model": "movies.movie", "pk": 629, "fields": {"title": "유주얼 서스펙트", "poster_path": "/cbgicjq4Q2OVvXlfd3PqRlLvqmf.jpg", "overview": "산 페드로 부두에서 27명이 사망하고 9,100만달러가 증발하는 유혈극이 벌어진다. 수사관 데이브 쿠얀은 끔찍한 사건 현장의 유일한 생존자인 버벌로부터 폭발 사고의 유력한 용의자로 지목되었던 5인에 대한 진술을 듣는다. 유치장에서의 만남으로 시작한  그들의 6주 간의 화려한 범죄 행각들이 버벌의 진술과 함께 속속 드러나기 시작한다. 하지만 정작 용의자들도 모르게 그들의 머리 위에 존재했던 전설 속의 악마와도 같은 지하 범죄 조직의 두목 카이저 소제의 존재가 부각되며, 쿠얀은 점점 혼란에 빠지기 시작한다.", "vote_average": 8.2, "genres": [18, 53, 80], "like_users": [], "win_movies": []}}, {"model": "movies.movie", "pk": 637, "fields": {"title": "인생은 아름다워", "poster_path": "/yjOqQsQHdsEZfAosZERqHiwjaty.jpg", "overview": "로마에 갓 상경한 시골 총각 귀도는 운명처럼 만난 여인 도라에게 첫눈에 반한다. 넘치는 재치와 유머로 약혼자가 있던 그녀를 사로잡은 귀도는 가정을 꾸리며 분신과도 같은 아들 조수아를 얻는다. 조수아의 다섯 살 생일, 갑작스레 들이닥친 군인들은 귀도와 조수아를 수용소 행 기차에 실어버리고, 소식을 들은 도라 역시 기차에 따라 오른다. 귀도는 아들을 달래기 위해 무자비한 수용소 생활을 단체게임이라 속이고 1,000점을 따는 우승자에게는 진짜 탱크가 주어진다고 말한다. 하루하루가 지나 어느덧 전쟁이 끝났다는 말을 들은 귀도는 조수아를 창고에 숨겨둔 채 아내를 찾아 나서는데...", "vote_average": 8.5, "genres": [18, 35], "like_users": [], "win_movies": []}}, {"model": "movies.movie", "pk": 670, "fields": {"title": "올드보이", "poster_path": "/xpa9ybm6tYGna5LseqSXvKpSSJn.jpg", "overview": "오대수는 어느 날 술이 거나하게 취해 집에 돌아가는 길에 누군가에게 납치, 사설 감금방에 갇히게 된다. 중국집 군만두만을 먹으며 8평이라는 제한된 공간에서 그가 할 수 있는 일이라곤 텔레비전 보는 게 전부. 1년이 지났을 무렵, 뉴스를 통해 나오는 아내의 살해소식. 게다가 아내의 살인범으로 자신이 지목되고 있음을 알게 된 오대수는 복수와 탈출을 위해 감금방 한쪽 구석을 쇠젓가락으로 파기 시작한다. 감금 15년을 맞이하는 해, 마침내 사람 몸 하나 빠져나갈 만큼의 탈출구가 생겼을 때, 어이없게도 15년 전 납치됐던 바로 그 장소로 풀려나 있는 자신을 발견하게 된다.", "vote_average": 8.3, "genres": [18, 28, 53, 9648], "like_users": [], "win_movies": []}}, {"model": "movies.movie", "pk": 680, "fields": {"title": "펄프 픽션", "poster_path": "/6lXRHGoEbnnBUKsuqpL9JxD4DzT.jpg", "overview": "펌프킨와 허니 버니가 레스토랑에서 강도 행각을 벌이기 시작한다. 빈센트와 그 동료 쥴스는 두목의 금가방을 찾기 위해 다른 건달이 사는 아파트를 찾아간다. 마르셀러스는 부치에게 돈을 주며 상대 선수에게 져 주라고 하지만 부치는 상대 선수를 때려 눕히고 도망치다, 어릴 때 아버지에게 물려받은 시계를 찾기 위해 아파트로 향한다. 아무런 상관 없이 보이는 이 사건들이 서로 얽히고 섥히면서 예상치 못한 인과관계가 만들어지는데...", "vote_average": 8.5, "genres": [53, 80], "like_users": [], "win_movies": []}}, {"model": "movies.movie", "pk": 694, "fields": {"title": "샤이닝", "poster_path": "/vzc4lvpjaZrrfxsnqmhURm37gmB.jpg", "overview": "소설가인 잭 토랜스는 콜로라도 산맥에 있는 오버룩 호텔의 관리인으로 취직한다. 다음 시즌 준비를 하는 이곳은 겨울 동안 폐쇄되기 때문에 토랜스의 가족들만 호텔에 머물게 된다. 갑자기 몰아친 폭설로 잭과 아내 웬디와 아들과 함께 호텔에 고립되고, 투시와 텔레파시 능력이 있는 잭의 아들 대니는 호텔에 유령이 있으며 유령들이 천천히 아버지를 미치게 하고 있음을 알게 된다. 잭은 과거에 스스로 자신의 아내와 두 딸을 죽인 이곳의 예전 관리인 그레이디의 유령을 만난다. 과거에 있었던 살인사건의 악령에 휘말린 잭은 호텔을 공포의 도가니로 몰아가는데...", "vote_average": 8.2, "genres": [27, 53], "like_users": [], "win_movies": []}}, {"model": "movies.movie", "pk": 769, "fields": {"title": "좋은 친구들", "poster_path": "/zF9hSBS1t7PVFLo01GrJ3OjGi67.jpg", "overview": "아일랜드계 이탈리아인 헨리 힐와 토미는 13살에 마피아에 입문해 지미와 함께 트럭이나 공항 화물을 훔치는 일을 한다. 결혼 후에도 마피아 생활을 계속하는 헨리는 이제 조직에서도 안정된 위치와 경제적 여유를 갖는다.  어느 날 헨리와 지미는 공항터미널 사건을 모의해 현금 6백만 달러라는 엄청한 돈을 훔친다. 이 사건을 은폐하기 위해 혈안이 된 지미는 모의에 참여했던 사람들을 죽이고, 토미는 마피아 조직에 가담했다가 살해당한다. 엎친데 덮친격으로 헨리마저 마약거래로 경찰서에 잡혀 들어가는데...", "vote_average": 8.5, "genres": [18, 80], "like_users": [], "win_movies": []}}, {"model": "movies.movie", "pk": 797, "fields": {"title": "페르소나", "poster_path": "/g9StSKVA2XGlUaceyVuE3mfyguH.jpg", "overview": "유명 연극배우인 엘리자벳은 연극 <엘렉트라>를 공연하던 중 갑자기 말을 잃게 되고, 신경쇠약으로 병원을 거쳐 요양을 떠나게 된다. 그녀의 요양에 동행한 간호사 알마는 엘리자벳에 대해 간호사로서의 친절과 인간적인 호감, 동경 등을 느끼지만 말이 없는 엘리자벳에게 자기를 털어놓는 과정에서 그녀가 자신을 구경거리로 관찰하고 있다는 사실을 깨닫고 공격적인 비난의 태도를 취하게 된다.", "vote_average": 8.3, "genres": [18], "like_users": [], "win_movies": []}}, {"model": "movies.movie", "pk": 807, "fields": {"title": "세븐", "poster_path": "/izzk8dbmrLowcoGbFaebqJvzyXg.jpg", "overview": "은퇴를 7일 앞둔 관록의 형사 윌리엄 소머셋(모건 프리먼)과 새로 전근 온 신참내기 형사 밀스(브래드 피트)가 팀이 된 바로 다음날, 강압에 의해 위가 찢어질 때까지 먹다가 죽은 초고도 비만 남자와 역시 강압에 의해 식칼로 자기 살을 베어내 죽은 악덕 변호사의 사건과 마주한다. 식탐, 탐욕, 그리고 나태, 분노, 교만, 욕정, 시기. 소머셋은 현장에 남은 흔적들로 단테의 신곡과 쵸서의 캔터베리 서사시를 근거로 한 기나긴 연쇄 살인이 시작되었음을 직감하고 성서의 7가지 죄악을 따라 발생하는 사건들을 추적하기 시작하는데...", "vote_average": 8.4, "genres": [53, 80, 9648], "like_users": [], "win_movies": []}}, {"model": "movies.movie", "pk": 857, "fields": {"title": "라이언 일병 구하기", "poster_path": "/2ATMbU4EljWkWcEJT9TElbQOMYY.jpg", "overview": "1944년 6월 6일 노르망디 상륙 작전. 오마하 해변에 대기하고 있던 병사들은 한치 앞도 내다볼 수 없는 긴장된 상황에 두려움을 감출 수 없다. 노르망디 해변을 응시하는 밀러 대위와 가장 어려운 임무를 수행해야할 두려움에 지친 그의 대원들. 몇 번의 죽을 고비를 넘기고 맡은 바 임무를 완수하지만 3형제가 전사하고 적진에서 실종된 유일한 생존자인 막내 라이언 일병을 위한 미 행정부의 특별한 임무를 맡게 된다.단 한명의 목숨을 구하기 위해 여덟 명이 위험을 감수해야할 상황에서 대원들은 과연 라이언 일병 한 명의 생명이 그들 여덟 명의 생명보다 더 가치가 있는 것인지 끊임없는 혼란에 빠지는데...", "vote_average": 8.2, "genres": [18, 36, 10752], "like_users": [], "win_movies": []}}, {"model": "movies.movie", "pk": 901, "fields": {"title": "시티 라이트", "poster_path": "/7oI6KKZDxEuxhIm5m9VpOF2Yi9N.jpg", "overview": "일자리가 없어 도시를 배회하는 떠돌이는 어느날 아침 산책길에서 꽃 파는 눈먼 소녀(를 만난다. 떠돌이는 마지막 동전을 털어서 꽃을 사주고, 육중한 차문 닫히는 소리에 소녀는 그를 부자로 오인한다. 소녀에게 애정을 느낀 떠돌이는 부자 행세를 하며 가깝게 지내고, 그녀의 눈을 수술할 비용을 마련해 주기로 약속한다. 어느 날 술에 취해 물에 빠진 백만장자를 구해준 떠돌이는 그와 친구가 되는데, 백만장자는 술에 취했을 때만 그를 알아보고 술이 깨면 그를 도둑으로 오인한다. 백만장자가 술에 취했을 때 소녀의 수술비를 얻어낸 떠돌이는 그가 술이 깨기 전에 달아나 소녀에게 돈을 전해주고 사라지는데...", "vote_average": 8.3, "genres": [18, 35, 10749], "like_users": [], "win_movies": []}}, {"model": "movies.movie", "pk": 914, "fields": {"title": "위대한 독재자", "poster_path": "/uw26mSTaA10hg2yuQfNaFLSeY3h.jpg", "overview": "세계대전에서 패배한 토매니아국에 힌켈이라는 독재자가 나타나 악명을 떨친다. 한편, 힌켈과 닮은꼴 외모의 이발사 찰리는 국가의 유태인 탄압정책으로 인해 곤경에 처하지만 병사로 참전했던 전쟁에서 우연히 구해줬던 슐츠 장교의 도움을 받아 위기를 모면한다. 독재자 힌켈의 악행은 갈수록 도를 더해가고, 찰리는 유태인 수용소에 끌려가게 되지만 기지를 부려 탈옥에 성공한다. 하지만 이발사와 똑같은 얼굴을 한 힌켈이 탈옥범으로 오해 받아 감옥에 잡혀 들어가게 되는데…", "vote_average": 8.4, "genres": [35, 10752], "like_users": [], "win_movies": []}}, {"model": "movies.movie", "pk": 1124, "fields": {"title": "프레스티지", "poster_path": "/rwEc7SgXu7b5Yo8Co4CvSinF91v.jpg", "overview": "로버트 앤지어는 상류층 집안에서 자란 쇼맨십이 강한 마술사다. 반면 고아로 사람들과 잘 어울리지 못하는 알프레드 보든은 아이디어를 남들에게 보여 줄 배짱은 없지만 누구보다도 뛰어난 재능을 가진 천재이다. 두 사람은 서로를 아끼는 친구이자 선의의 경쟁자였지만, 그들이 최고라 자부했던 수중 마술이 실패로 돌아가면서 두 사람은 철천지 원수로 돌변한다. 서로 상대방 마술의 비밀을 캐내려 경쟁을 벌이는 가운데, 로버트는 알프레드의 비밀을 알아내기 위해 자신의 조수이자 사랑하는 여인 올리비아를 알프레드에게 접근하게 만든다.", "vote_average": 8.2, "genres": [18, 878, 9648], "like_users": [], "win_movies": []}}, {"model": "movies.movie", "pk": 1891, "fields": {"title": "스타워즈 에피소드 5: 제국의 역습", "poster_path": "/icaO5w8uLVm4JxMew71JJrQE2YX.jpg", "overview": "제국군은 데스스타를 잃은 뒤에도 여전히 강력한 화력으로 반란군을 수세로 몰아넣었고, 반란군은 게릴라전을 위해 얼음으로 뒤덮인 행성 호스에 은신한다. 하지만 결국 제국군에 의해 호스의 반란군 기지마저 탄로나게 되고, 일행은 필사적으로 호스를 탈출해 다시 정처없는 피난길에 오른다. 반란군의 피난길에 함께 오르던 루크는 포스의 영이 된 오비완으로부터 제다이 마스터 요다를 찾아가라는 메시지를 받고 요다가 있는 정글 행성 대고바로 향한다. 루크는 요다를 만나 제다이가 되기 위한 훈련을 시작하고 솔로 일행은 제국군을 따돌리기 위해 옛 친구 랜도를 찾아가는데...", "vote_average": 8.4, "genres": [12, 28, 878], "like_users": [], "win_movies": []}}, {"model": "movies.movie", "pk": 3082, "fields": {"title": "모던 타임즈", "poster_path": "/51tKLNNKi8fKZq9DTcGpFAJ7IPc.jpg", "overview": "산업의 기계화와 대공황이 맞물려 힘든 시절, 공장의 컨베이어 벨트 위에서 하루 종일 나사못 조이는 일을 하는 찰리. 찰리는 반복되는 작업에 착란 현상을 일으키고, 눈에 보이는 모든 것을 조여버리는 강박 관념에 빠지고 만다. 그는 급기야 정신 병원에 가게 되고, 거리를 방황하다 시위 군중에 휩쓸려 감옥살이까지 하게 된다. 몇 년 후 감옥에서 풀려난 찰리는 부모를 잃고 고아가 된 한소녀를 만난다. 그녀의 도움으로 카페에서 일하게 되고 서로를 의지하며 새로운 희망을 가진다. 둘은 행복하고 단란한 가정을 꿈꾸며 일자리를 찾아 헤매지만 매번 다시 거리로 내몰리고 마는데...", "vote_average": 8.3, "genres": [18, 35], "like_users": [], "win_movies": []}}, {"model": "movies.movie", "pk": 4935, "fields": {"title": "하울의 움직이는 성", "poster_path": "/xiz6TiSduvR1U3VLfWVlBEdT9fO.jpg", "overview": "19세기 말 마법과 과학이 공존하고 있는 세계 앵거리. 소피는 돌아가신 아버지의 모자상점에서 쉴틈없이 일하는 18살 소녀이다. 어느 날 오랫만에 마을로 나간 소피는 우연히 하울을 만나게 된다. 하울은 왕실 마법사로서 핸섬하지만 조금 겁이 많은 청년이다. 황무지 마녀는 두 사람의 사이를 오해, 주문을 걸어 소피를 90살의 늙은 할머니로 만들어 버린다. 가족을 걱정한 소피는 집을 나오게 되고 황무지를 헤매다가 하울이 사는 성에서 가정부로 낯선 생활을 시작한다. 4개의 다리로 걷는 기괴한 움직이는 성 안에서 하울과 소피의 기묘한 사랑과 모험이 시작되는데...", "vote_average": 8.4, "genres": [12, 14, 16], "like_users": [], "win_movies": []}}, {"model": "movies.movie", "pk": 8587, "fields": {"title": "라이온 킹", "poster_path": "/9Y048zYw66TWvpUtsiNK0uReiVX.jpg", "overview": "아프리카의 평화로운 왕국 프라이드랜드. 이곳을 다스리는 사자 무파사의 아들 심바가 태어난다. 왕의 동생 스카는 자신이 왕위를 차지하기 위해 하이에나들과 결탁하여 무파사를 죽이고 심바에게 죄를 뒤집어 씌워 멀리 내쫓는다. 간신히 목숨을 건진 심바는 유쾌한 미어캣 티몬과 멧돼지 품바와 함께 생활하며 어른이 된다. 어느 날 심바는 옛 친구 날라를 만나 프라이드랜드가 파괴되고 있다는 소식을 듣게 된다. 하지만 자신이 저지른 실수 때문에 고향으로 돌아가기를 거부하는 심바. 결국 아버지의 가르침과 자신의 운명을 깨달은 심바는 스카와 하이에나들을 물리치고 평화를 되찾기 위해 왕국으로 돌아가는데...", "vote_average": 8.3, "genres": [16, 18, 10751], "like_users": [], "win_movies": []}}, {"model": "movies.movie", "pk": 10098, "fields": {"title": "키드", "poster_path": "/2c0clAU14g0rL11XoKdjyUWyeZI.jpg", "overview": "부유한 화가에게 버림받고 갓난 어린 아이를 병원에서 낳은 여자가 키울 능력이 없어 고급차 안에 아이를 두고 간다. 그런데 자동차 도둑이 그 차를 훔치고 아이를 쓰레기통 옆에 두고 간다. 우연히 그 길을 지나가던 떠돌이 찰리가 애기 울음 소리를 듣고 얼떨결에 아이를 안게 되는데...", "vote_average": 8.2, "genres": [18, 35], "like_users": [], "win_movies": []}}, {"model": "movies.movie", "pk": 10494, "fields": {"title": "퍼펙트 블루", "poster_path": "/ewnu3MHaqJamonqPYh7NlhQagL5.jpg", "overview": "아이돌 소녀 그룹인 Charm의 리더인 미마는 본격적인 연기를 시작하기 위해 아이돌의 그늘을 벗어나려고 하지만,첫 출연작부터 난관에 부딪힌다. 누드 등을 통한 과격적인 홍보로 그녀를 더욱 알리려는 소속사 대표와 미마를 지켜주려고 노력하는 그녀의 담당 매니저의 갈등. 그리고 아직까지도 아이돌로서의 그녀를 그리워하는 팬들. 그 모든 것의 중심에 선 미마는 비록 대사는 한마디에 불과한 단역이지만 그래도 주어진 역할에 충실히 하기 위해 노력한다. 드라마에서 광기어린 살인을 저지르고 다니는 소녀 역할을 맡은 미마는 현실과 허구의 경계선에서 자신을 쫓아다니던 스토커를 해친다. 그러나 그 일 역시 사실인지 허구인지는 불분명하다. 이제 미마의 눈에는 또 다른 미마가 보이기 시작한다. 아이돌 시절 그대로의 모습으로 미마의 눈 앞에 나타난 또 다른 미마는 그녀에게 과거 인기 스타로의 회귀를 강요한다. 니가 나고, 내가 너야. 라고 말하는 또 다른 자아 앞에서 미마는 혼란에 빠진다. 그러던 중, 미마의 주변을 둘러싼 사람들이 하나 둘 살해당하고 범인을 알 수 없는 상황에서 극도의 불안감을 느끼는 미마는 누군가 끊임없이 자신을 지켜보고 있다는 것을 느끼는데...", "vote_average": 8.3, "genres": [16, 53], "like_users": [], "win_movies": []}}, {"model": "movies.movie", "pk": 11216, "fields": {"title": "시네마 천국", "poster_path": "/r782z4H7GzkyNaf3hAtBB4pVkOj.jpg", "overview": "어린 시절 영화가 세상의 전부였던 소년 토토는 학교 수업을 마치면 마을 광장에 있는 낡은 시네마 천국이라는 극장으로 달려가 영사 기사 알프레도와 친구로 지내며 어깨너머로 영사기술을 배운다. 어느 날 관객들을 위해 광장에서 야외 상영을 해주던 알프레도가 그만 화재 사고로 실명하게 되고, 토토가 그의 뒤를 이어 시네마 천국의 영상기사로 일하게 된다. 실명한 후에도 토토의 친구이자 아버지로 든든한 정신적 지주가 되어준 알프레도는 청년이 된 토토가 사랑하는 여자 엘레나의 부모님의 반대로 좌절하자 넓은 세상으로 나가서 더 많은 것을 배우라며 권유하는데...", "vote_average": 8.5, "genres": [18, 10749], "like_users": [], "win_movies": []}}, {"model": "movies.movie", "pk": 11324, "fields": {"title": "셔터 아일랜드", "poster_path": "/aywZdSOXtwcqqLTl271EUJemi2.jpg", "overview": "보스턴 셔터아일랜드의 정신병원은 중범죄를 저지른 정신병자를 격리하는 병동으로 탈출 자체가 불가능하다. 하지만 자식 셋을 죽인 혐의를 받고 있는 여인이 이상한 쪽지만을 남긴 채 감쪽같이 사라지는 사건이 발생한다. 연방보안관 테디 다니엘스(레오나르도 디카프리오)는 수사를 위해 동료 척(마크 러팔로)과 함께 셔터아일랜드로 향한다. 테디는 수사를 위해 의사, 간호사, 병원관계자 등을 심문하지만 수사는 전혀 진척되지 않는다. 설상가상 폭풍이 불어 닥쳐 테디와 척은 섬에 고립되게 되고, 그들에게 점점 괴이한 일들이 일어나기 시작하는데...", "vote_average": 8.2, "genres": [18, 53, 9648], "like_users": [], "win_movies": []}}, {"model": "movies.movie", "pk": 12477, "fields": {"title": "반딧불이의 묘", "poster_path": "/uN0x0G4uuRjFJIFN57iYihBV2Qh.jpg", "overview": "2차 세계대전, 일본의 한 마을에 폭격기로 인한 대공습이 일어난다. 마을이 화염으로 휩싸이자, 14살인 세이타는 부모님과 따로 만나기로 약속한 채 4살짜리 여동생 세츠코를 업고 피신한다. 결국 집과 어머니를 잃고 먼 친척아주머니의 집으로 향하는 세이타와 세츠코. 힘들고 어려운 환경에서도 오빠 세이타는 천진하고 착한 여동생 세츠코를 보면서 희망과 용기를 잃지 않는다. 하지만 시간이 지날수록 친척아주머니의 남매에 대한 냉대는 더욱 심해지고, 세이타는 어머니가 남겨주었던 마지막 여비를 챙겨 세츠코와 함께 산 속에 있는 방공호로 거처를 옮긴다. 두 남매는 산 속 동굴에서 반딧불이를 잡아 불을 밝히고, 물고기와 개구리를 잡아먹으며 살아가는데...", "vote_average": 8.4, "genres": [16, 18, 10752], "like_users": [], "win_movies": []}}, {"model": "movies.movie", "pk": 15804, "fields": {"title": "고령가 소년 살인 사건", "poster_path": "/bCDbodBnA9A8k5bhwBc8Lh3j0mB.jpg", "overview": "14살 소년 샤오쓰는 국어 성적이 나쁘다는 이유로 중학교 주간부에서 야간부로 반을 옮기게 되고 ‘소공원’파와 어울려 다닌다. 그러던 중 샤오쓰는 양호실에서 밍이라는 이름의 소녀를 만나게 된다. 소녀는 ‘소공원’파의 보스 허니의 여자로 허니는 샤오밍을 차지하기 위해 경쟁조직인 ‘217’파의 보스를 죽이고 은둔 중이다. 보스의 부재로 통제력을 상실한 ‘소공원’파는 보스 자리를 두고 혼란에 빠지고 돌연 허니가 돌아오게 되면서 ‘소공원’파 내부와 ‘217’파간의 대립이 격해진다. 그리고 밍을 사랑하게 된 샤오쓰도 이들의 싸움에 휘말리게 되는데…", "vote_average": 8.3, "genres": [18, 80, 10749], "like_users": [], "win_movies": []}}, {"model": "movies.movie", "pk": 16869, "fields": {"title": "바스터즈: 거친 녀석들", "poster_path": "/u8gcf764K5wBBDoXlQtnkOtVeHR.jpg", "overview": "2차 세계 대전, 나치의 잔인하고 폭력적인 행태에 분개한 미군 알도 레인 중위는 당한 만큼 돌려준다는 강렬한 신념으로 최고의 재능을 가진 8명의 대원을 모아 바스터즈란 군단을 만들어 나치가 점령한 프랑스에 잠입해 복수를 시작한다. 어느 날 알도 레인 중위는 독일의 여배우이자 영국의 더블 스파이인 브리짓에게 뜻밖의 소식을 듣는다. 나치 수뇌부가 모두 참석하는 독일 전쟁 영화의 프리미어에 히틀러도 참석을 한다는 것. 한 번에 나치를 모두 쓸어버릴 계획으로 바스터즈는 이탈리아 영화 관계자로 분장해 극장으로 향하는데...", "vote_average": 8.2, "genres": [18, 28, 53, 10752], "like_users": [], "win_movies": []}}, {"model": "movies.movie", "pk": 18148, "fields": {"title": "동경 이야기", "poster_path": "/GVYiMOWITLMnxg5jeGmKd7uzWR.jpg", "overview": "2차 세계대전 후. 결혼하여 도쿄에 살고 있는 자식들을 만나기 위해 노부부가 상경한다. 의사 장남과 미용실을 운영하는 둘째 딸은 곧 부모님의 방문을 부담스러워하고 바쁜 일상을 핑계로 소홀히 대한다. 전쟁 중 남편을 잃은 며느리 노리코만이 노부부를 극진히 모시는데…", "vote_average": 8.3, "genres": [18], "like_users": [], "win_movies": []}}, {"model": "movies.movie", "pk": 18491, "fields": {"title": "신세기 에반게리온 엔드 오브 에반게리온", "poster_path": "/vIWonMqeYRmY95OEk06NvTC1h8N.jpg", "overview": "네르프에 있는 마기가 미국, 프랑스 등지의 마기 5대의 파상공격으로 인해 해킹을 당하고 있었다. 그러나 슈퍼인공지능 컴퓨터도 그 파상공격을 당해내지는 못하는 상황. 결국 감금되어 있던 리츠코 박사를 다시 부르게 된다. 그는 처음에는 자신을 감금한 것에 대해 불만을 표시하지만, 결국 겐도우의 명령에 따르고 예전 사도에게 사용한 캐스퍼의 방법인 마지막 로직 코드를 변경하여 완전 몰아내기로 간신히 마기를 복구한다. 그리고 666프로텍트와 B다낭형 방벽을 세워 62시간은 막을 수 있게 조치하는데...", "vote_average": 8.4, "genres": [16, 18, 28, 878], "like_users": [], "win_movies": []}}, {"model": "movies.movie", "pk": 25237, "fields": {"title": "컴 앤 씨", "poster_path": "/baK79h2An0J8mzTue13KThAeYC5.jpg", "overview": "소년 플로리아는 나치 독일의 침공을 받고 있는 벨라루스에 살고 있다. 그런데 첫 장면에서 그는 모래밭의 흙을 파고 있는 중이다. 제대로 매장되지 못한 죽은 병사들의 시체들이 나오지만, 어떻게든 쓸 만한 총을 찾아낸다. 플로리아는 독일군과의 전투에 참여하길 원하지만 어른들은 그를 무시한다. 더 경험 많은 군인에게 그의 총은 인계되고, 그는 군인들의 행진을 지켜볼 뿐이다. 이윽고 플로리아는 글로샤라는 독특한 매력의 소녀와 함께 뒤에 처져 있음을 깨닫는다. 이들은 숲으로 가지만 거기서 나치 독일의 엄청난 폭격을 당하고, 그 바람에 플로리아의 청력에 문제가 생긴다. 정신이 혼미해진 플로리아는 마을로 돌아가는데, 거기서 엄청난 대량 학살의 흔적과 널부러진 시신들을 보고 경악한다. 문득 어머니의 생사가 궁금해져 필사적으로 찾아다니던 그는 비극적인 장면을 목격하게 되는데..", "vote_average": 8.3, "genres": [18, 10752], "like_users": [], "win_movies": []}}, {"model": "movies.movie", "pk": 27205, "fields": {"title": "인셉션", "poster_path": "/jSm8mzp7sucgL8NwINIoAmx4dS5.jpg", "overview": "타인의 꿈과 접속해 생각을 빼낼 수 있는 근미래, 돔 코브는 꿈의 보안 프로그래머이자 동시에 침입자다. 그는 일본인 사업가 사이토의 제안에 따라 거대 합병 기업의 총수가 될 피셔의 꿈을 설계하여 기업 합병을 막으려 든다. 그 일을 성사시키면 코브는 사이토의 도움으로 아내의 살해범으로 몰린 자신의 누명을 뒤로 하고 사랑스런 자녀들이 있는 집으로 돌아갈 수 있다. 마침내 코브 일행은 꿈 안의 꿈 안의 또 꿈이라는 경로를 거치며 피셔의 꿈과 무의식 깊숙한 곳을 설계하고 침투한다.", "vote_average": 8.4, "genres": [12, 28, 878], "like_users": [], "win_movies": []}}, {"model": "movies.movie", "pk": 50014, "fields": {"title": "헬프", "poster_path": "/qMVZtwZIU9oussRb8al2Gb0YPQL.jpg", "overview": "1963년, 미국 남부 미시시피 잭슨  흑인 가정부는 백인 주인과 화장실도 같이 쓸 수 없다?!  아무도 가정부의 삶에 대해 묻지 않았다. 그녀가 책을 쓰기 전까지는…  돈 많은 남자와 결혼해 정원과 가정부가 딸린 집의 안주인이 되는 게 최고의 삶이라 여기는 친구들과 달리 대학 졸업 후 작가의 꿈을 이루기 위해 지역 신문사에 취직한 ‘스키터(엠마 스톤)’. 살림 정보 칼럼의 대필을 맡게 된 그녀는 베테랑 가정부 ‘에이빌린(바이올라 데이비스)’에게 도움을 요청한다.  다른 인생은 꿈꿔보지도 못한 채 가정부가 되어 17명의 백인 아이를 헌신적으로 돌봤지만 정작 자신의 아들은 사고로 잃은 ‘에이빌린’. ‘스키터’에게 살림 노하우를 알려주던 그녀는 어느 누구도 관심 갖지 않았던 자신과 흑인 가정부들의 인생을 책으로 써보자는 위험한 제안을 받는다.  때 마침 주인집의 화장실을 썼다는 황당한 이유로 쫓겨난 가정부 ‘미니(옥타비아 스펜서)’가 두 여자의 아슬아슬하지만 유쾌한 반란에 합류한다. 차별과 불만을 이야기 하는 것조차 불법이 되고 생명을 위협받는 일이 되는 시대에, 태어나 처음으로 누군가에게 자신들의 이야기를 털어 놓기 시작하는 ‘에이빌린’과 ‘미니’. 그녀들의 용기 있는 고백은 세상을 발칵 뒤집을 만한 책을 탄생시키는데…", "vote_average": 8.2, "genres": [18], "like_users": [], "win_movies": []}}, {"model": "movies.movie", "pk": 77338, "fields": {"title": "언터처블: 1%의 우정", "poster_path": "/9Ku1CNkZQh3EYikM974hj7SNZfk.jpg", "overview": "상위 1% 귀족남과 하위 1% 무일푼이 만났다.  2주간의 내기로 시작된 상상초월 특별한 동거 스토리  하루 24시간 내내 돌봐주는 손길이 없으면 아무 것도 할 수 없는 전신불구의 상위 1% 백만장자 필립(프랑수아 클루제). 어느 날 우연히, 가진 것이라곤 건강한 신체가 전부인 하위 1% 무일푼 백수 드리스(오마 사이)를 만나게 된 그는 거침없이 자유로운 성격의 드리스에게 호기심을 느껴 특별한 내기를 제안한다. 바로 2주 동안 필립의 손발이 되어 한시도 떨어지지 않고 자신을 간호하며 버틸 수 있는지 시험해보겠다는 것. 참을성이라곤 눈꼽 만큼도 찾아 볼 수 없던 드리스는 오기가 발동해 엉겁결에 내기를 수락한다. 이렇게, 전혀 어울릴 것 같지 않던 극과 극, 두 남자의 예측불허 기막힌 동거가 시작 되는데…", "vote_average": 8.3, "genres": [18, 35], "like_users": [], "win_movies": []}}, {"model": "movies.movie", "pk": 110420, "fields": {"title": "늑대아이", "poster_path": "/2mF1IKMeB9JGstJqismy5AoamrV.jpg", "overview": "평범한 여대생 하나는 강의실에서 우연히 만나게 된 그에게 반하게 되고, 곧 사랑에 빠지게 된다. 하지만 그는 평범한 사람이 아닌 늑대인간이었다. 늑대인간과의 동화 같은 사랑 후에 남은 것은 두 아이뿐. 눈 내리는 날에 태어난 누이 유키, 비 내리는 날 태어난 동생 아메. 두 아이에게는 커다란 비밀이 있는데, 바로 흥분하면 귀가 쫑긋, 꼬리가 쏘옥 나오는 늑대아이라는 것. 남들과 조금 다른 육아, 남들과 살짝 다른 고민을 하며 신비로운 운명을 살아가는 남매와 특별한 두 아이를 키우는 엄마의 이야기가 시작된다.", "vote_average": 8.2, "genres": [14, 16, 18, 10751], "like_users": [], "win_movies": []}}, {"model": "movies.movie", "pk": 157336, "fields": {"title": "인터스텔라", "poster_path": "/zDNAeWU0PxKolEX1D8Vn1qWhGjH.jpg", "overview": "세계 각국의 정부와 경제가 완전히 붕괴된 미래가 다가온다. 지난 20세기에 범한 잘못이 전 세계적인 식량 부족을 불러왔고, NASA도 해체되었다. 나사 소속 우주비행사였던 쿠퍼는 지구에 몰아친 식량난으로 옥수수나 키우며 살고 있다. 거센 황사가 몰아친 어느 날 알 수 없는 힘에 이끌려 딸과 함께 도착한 곳은 인류가 이주할 행성을 찾는 나사의 비밀본부. 이 때 시공간에 불가사의한 틈이 열리고, 이 곳을 탐험해 인류를 구해야 하는 임무를 위해 쿠퍼는 만류하는 딸을 뒤로한 채 우주선에 탑승하는데...", "vote_average": 8.4, "genres": [12, 18, 878], "like_users": [], "win_movies": []}}, {"model": "movies.movie", "pk": 244786, "fields": {"title": "위플래쉬", "poster_path": "/fz6osxiG7BWqnLoNgAlekpgSthf.jpg", "overview": "최고의 드러머가 되기 위해서라면 무엇이든 할 각오가 되어있는 음악대학 신입생 앤드류는 아무도 없는 지하실에서 혼자 드럼을 연습하던 중 우연한 기회로 누구든지 성공으로 이끄는 최고의 실력자이지만, 또한 동시에 최악의 폭군인 플렛처 교수에게 발탁되어 그의 밴드에 들어가게 된다. 설레는 마음으로 참가한 첫 연습에서, 그는 플렛처 교수의 진짜 얼굴을 마주치게 된다. 폭언과 학대 속에 좌절과 성취를 동시에 안겨주는 플렛처의 지독한 교육방식은 천재가 되길 갈망하는 앤드류의 집착을 끌어내며 그를 점점 광기로 몰아넣는데...", "vote_average": 8.4, "genres": [18, 10402], "like_users": [], "win_movies": []}}, {"model": "movies.movie", "pk": 255709, "fields": {"title": "소원", "poster_path": "/PZlNvDwKwHeHUsXnd6SEDXWZNn.jpg", "overview": "어느 비 오는 아침, 학교를 가던 9살 소녀 소원은 술에 취한 아저씨에게 끌려가 믿고 싶지 않은 사고를 당한다. 이 일로 몸과 마음에 지울 수 없는 상처를 받은 소원이네 가족. 하지만 절망 끝에서 희망을 찾아 나서는데...", "vote_average": 8.4, "genres": [18, 10751], "like_users": [], "win_movies": []}}, {"model": "movies.movie", "pk": 265177, "fields": {"title": "마미", "poster_path": "/8AcQTHscYw8iUQ73GYlWKDPBxt7.jpg", "overview": "불 같은 성격이지만 유쾌하고 당당한 엄마 '디안'은 거칠지만 사랑스러운 사고뭉치 아들 '스티브'가 보호시설에서 사고를 쳐 쫓겨나자 홈스쿨링을 시작한다. 엄마가 행복하다면 무엇이든 할 수 있는 아들 스티브와 함께 행복한 생활을 꿈꾸는 디안. 하지만 홀로 생계를 책임지며 불안정한 성격의 스티브를 돌보기란 쉽지 않다. 이때 이들 앞에 나타난 이웃집 여인 '카일라'. 카일라의 등장으로 세 사람은 유일하게 서로에게 의지하며 지금까지 느껴보지 못한 작은 행복을 찾아가게 된다. 그러던 어느 날, 디안 앞으로 한 장의 편지가 날아오는데…….", "vote_average": 8.3, "genres": [18], "like_users": [], "win_movies": []}}, {"model": "movies.movie", "pk": 283566, "fields": {"title": "신 에반게리온 극장판 리피트", "poster_path": "/vpfX1mGVobWlrUGqEzbA2RNPdZF.jpg", "overview": "‘에반게리온’ 신극장판 시리즈의 제4부이자 완결편  미사토가 이끄는 반네르프 조직 ‘빌레’는 코어화로 붉게 물든 파리 구시가에 있다.  기함 AAA 분더에서 선발대가 강하하여, 남겨져 있던 봉인주에 안착한다.  복원 작전의 작업 가능 시간은 고작 720초.  결사의 작전 수행 중 ‘네르프’의 EVA가 대량으로 무리를 이루고 접근하여,  마리의 개(改) 8호기가 요격을 개시한다.  한편 신지, 아스카, 아야나미 레이 (가칭) 세 사람은 일본의 대지를 떠돌고 있다…….", "vote_average": 8.4, "genres": [16, 18, 28, 878], "like_users": [], "win_movies": []}}, {"model": "movies.movie", "pk": 290098, "fields": {"title": "아가씨", "poster_path": "/aoLarnDg8SmuIzax6mp0nAQ6bcV.jpg", "overview": "어릴 적 부모를 잃고 후견인 이모부의 보호 아래 살아가는 귀족 아가씨에게 백작이 추천한 새로운 하녀가 찾아온다. 이모부의 서재에서 책을 읽는 것이 일상의 전부인 아가씨는  순박해 보이는 하녀에게 조금씩 의지하기 시작한다. 하지만 하녀의 정체는 유명한 여도둑의 딸인 소매치기 고아 소녀 숙희. 막대한 재산을 상속받게 될 아가씨를 유혹하여 돈을 가로채겠다는 사기꾼 백작의 제안을 받고  아가씨가 백작을 사랑하게 만들기 위해 하녀가 된 것. 드디어 백작이 등장하고, 백작과 숙희는 자신만의 방식으로 아가씨의 마음을 흔들기 시작하는데...", "vote_average": 8.3, "genres": [18, 53, 10749], "like_users": [], "win_movies": []}}, {"model": "movies.movie", "pk": 299534, "fields": {"title": "어벤져스: 엔드게임", "poster_path": "/z7ilT5rNN9kDo8JZmgyhM6ej2xv.jpg", "overview": "어벤져스의 패배 이후 지구는 초토화됐고 남은 절반의 사람들은 정신적 고통을 호소하며 하루하루를 근근이 버텨나간다. 와칸다에서 싸우다 생존한 히어로들과 우주의 타이탄 행성에서 싸우다 생존한 히어로들이 뿔뿔이 흩어졌는데, 아이언맨과 네뷸라는 우주를 떠돌고 있고 지구에 남아 있는 어벤져스 멤버들은 닉 퓨리가 마지막에 신호를 보내다 만 송신기만 들여다보며 혹시 모를 우주의 응답을 기다리는 중이다. 애초 히어로의 삶을 잠시 내려놓고 가족과 시간을 보내던 호크아이 역시 헤아릴 수 없는 마음의 상처를 입은 채 사라지고 마는데...", "vote_average": 8.3, "genres": [12, 28, 878], "like_users": [], "win_movies": []}}, {"model": "movies.movie", "pk": 299536, "fields": {"title": "어벤져스: 인피니티 워", "poster_path": "/kmP6viwzcEkZeoi1LaVcQemcvZh.jpg", "overview": "타노스는 6개의 인피니티 스톤을 획득해 신으로 군림하려 한다. 그것은 곧 인류의 절반을 학살해 우주의 균형을 맞추겠다는 뜻. 타노스는 닥터 스트레인지가 소유한 타임 스톤, 비전의 이마에 박혀 있는 마인드 스톤을 차지하기 위해 지구를 침략한다. 아이언맨과 스파이더맨은 가디언즈 오브 갤럭시의 멤버들과 타노스를 상대한다. 지구에선 캡틴 아메리카, 완다, 블랙 위도우, 블랙 팬서 등이 비전을 지키기 위해 뭉친다.", "vote_average": 8.3, "genres": [12, 28, 878], "like_users": [], "win_movies": []}}, {"model": "movies.movie", "pk": 324786, "fields": {"title": "핵소 고지", "poster_path": "/nlvcNogJK9R9iIj0YINApQE36FF.jpg", "overview": "비폭력주의자인 도스는 전쟁으로부터 조국과 소중한 사람들을 지키기 위해 총을 들지 않아도 되는 의무병으로 육군에 자진 입대한다. 총을 들 수 없다는 이유로 필수 훈련 중 하나인 총기 훈련 마저 거부한 도스는 동료 병사들과 군 전체의 비난과 조롱을 받게 된다. 결국 군사재판까지 받게 되지만 끝까지 자신의 신념을 굽히지 않은 도스에게 군 상부는 오키나와 전투에 총기 없이 의무병으로 참전할 것을 허락하는데…", "vote_average": 8.2, "genres": [18, 36, 10752], "like_users": [], "win_movies": []}}, {"model": "movies.movie", "pk": 324857, "fields": {"title": "스파이더맨: 뉴 유니버스", "poster_path": "/vnWgIIEWAvWKOI65tm6h6VRbyY8.jpg", "overview": "평범한 10대 마일스 모랄레스는 우연히 방사능 거미에 물려 스파이더맨 능력을 가지게 된다. 혼란스러워하던 마일스는 악당과 싸우고 있는 피터 파커를 마주치게 되고 피터 파커는 마일스가 자신과 같은 능력을 가지고 있음을 직감한다. 여러 개의 평행세계가 존재한다는 것을 알게 된 마일스와 피터 파커는 이후 스파이더우먼 스파이더 그웬, 스파이더맨 누아르, 스파이더햄 등 평행세계 속 공존하는 모든 스파이더맨들을 만나게 되는데... 하나의 유니버스에서 만나 팀을 결성한 스파이더맨들은 과연 세계를 구할 수 있을까?", "vote_average": 8.4, "genres": [12, 16, 28, 878], "like_users": [], "win_movies": []}}, {"model": "movies.movie", "pk": 354912, "fields": {"title": "코코", "poster_path": "/6AANwKhjIEVyya95oW4IA6joL1Z.jpg", "overview": "미구엘은 멕시코의 자랑인 에르네스토 델라 크루즈 같은 뮤지션이 되길 꿈꾸지만 미구엘 집안 사람들에게 음악은 금기다. 먼 옛날 조상 중에 음악 때문에 가족을 버린 인물이 있었기 때문. 미구엘은 죽은 자의 날이 되자 실력으로 인정받겠다는 결심을 하고 경연 무대에 오르려 하는데, 우연히 에르네스토의 기타에 손을 댔다가 죽은 자들의 세상에 들어서게 된다. 이승과 저승을 이어주는 마리골드 꽃길을 건너 죽은 자들의 세상에 도착한 미구엘은 거짓말과 위변조가 장기인 헥터를 만난다. 그리고 꿈에 그리던 우상 에르네스토를 만나러 가는 여정에서 가족의 비밀을 알게 된다.", "vote_average": 8.2, "genres": [12, 14, 16, 35, 10402, 10751], "like_users": [], "win_movies": []}}, {"model": "movies.movie", "pk": 361743, "fields": {"title": "탑건: 매버릭", "poster_path": "/jeqXUwNilvNqNXqAHsdwm5pEfae.jpg", "overview": "최고의 파일럿이자 전설적인 인물 매버릭은 자신이 졸업한 훈련학교 교관으로 발탁된다. 그의 명성을 모르던 팀원들은 매버릭의 지시를 무시하지만 실전을 방불케 하는 상공 훈련에서 눈으로 봐도 믿기 힘든 전설적인 조종 실력에 모두가 압도된다. 매버릭의 지휘 아래 견고한 팀워크를 쌓아가던 팀원들에게 국경을 뛰어넘는 위험한 임무가 주어지자 매버릭은 자신이 가르친 동료들과 함께 마지막이 될지 모를 하늘 위 비행에 나서는데...", "vote_average": 8.3, "genres": [18, 28], "like_users": [], "win_movies": []}}, {"model": "movies.movie", "pk": 372058, "fields": {"title": "너의 이름은", "poster_path": "/wx1Dxr4UyvN18SyC5GsVWWWtYja.jpg", "overview": "시골에 사는 소녀 미츠하(가미시라이시 모네)는 어느 날 잠에서 깬 후 자신의 몸이 남자로 바뀐 걸 알게 된다. 같은 시간, 도쿄에 사는 소년 타키(가미키 류노스케) 역시 이 기이한 상황을 겪고 있다. 낯선 가족, 낯선 친구들, 낯선 풍경들... 서로에게 이어진 끈을 알게 된 둘은 둘만의 규칙을 정하고 점차 상황을 받아들이기 시작한다. 서로에게 남긴 메모를 확인하며  점점 친구가 되어가는 타키와 미츠하. 언제부턴가 더 이상 몸이 바뀌지 않자  자신들이 특별하게 이어져있었음을 깨달은  타키는 미츠하를 만나러 가는데...", "vote_average": 8.5, "genres": [16, 18, 10749], "like_users": [], "win_movies": []}}, {"model": "movies.movie", "pk": 378064, "fields": {"title": "목소리의 형태", "poster_path": "/emNuB1GNGjJqZiK9uVJNiUPbgsx.jpg", "overview": "따분한 게 질색인 아이, 이시다 쇼야.  간디가 어떤 사람인지, 인류의 진화과정이라든지, 알게뭐람.  어느 날 쇼야의 따분함을 앗아갈 전학생이 나타났다. 니시미야 쇼코. 그 아이는 귀가 들리지 않는다고 한다.  쇼야의 짓궂은 장난에도 늘, 생글생글 웃고만 있다. 짜증난다.  그의 괴롭힘에 쇼코는 결국 전학을 갔고, 이시다 쇼야는 외톨이가 되었다.  6년 후, 더 이상 이렇게 살아봐야 의미가 없음을 느낀 쇼야는 마지막으로 쇼코를 찾아간다.  처음으로 전해진 두 사람의 목소리. 두 사람의 만남이 교실을, 학교를,  그리고 쇼야의 인생, 쇼코의 인생을 바꾸기 시작한다.", "vote_average": 8.4, "genres": [16, 18], "like_users": [], "win_movies": []}}, {"model": "movies.movie", "pk": 398818, "fields": {"title": "콜 미 바이 유어 네임", "poster_path": "/z1wsD5TvfjKbTGt37utj6np8qAY.jpg", "overview": "17살 소년 엘리오의 가족은 매년 여름 손님을 받는다. 엘리오의 아버지 펄먼 교수의 일을 돕는 보조 연구원은 6주 동안 이곳에 머물며 사람들과 어울리고 자유로운 식사, 일광욕과 수영을 즐긴다. 올해 집을 찾은 24살 올리버는 모든 사람이 호감을 갖는 사람이다. 하지만 엘리오의 감정은 좀더 특별하다. 처음 보는 순간부터 그를 의식했고, 그 실체가 동성에게 품은 사랑임을 깨달은 후에는 적대감을 갖고 있는 것처럼 군다. 하지만 엘리오가 자신의 진짜 속내를 내비친 후 두 사람은 서로의 마음이 같다는 것을 알게 된다.", "vote_average": 8.2, "genres": [18, 10749], "like_users": [], "win_movies": []}}, {"model": "movies.movie", "pk": 476292, "fields": {"title": "이별의 아침에 약속의 꽃을 장식하자", "poster_path": "/x4lFC7knq631uFzGsOiu4xZ9ZYQ.jpg", "overview": "10대 중반에 외모의 성장이 멈추고 수백년을 사는 장수 민족 이올프는 인간이 사는 마을에서 멀리 떨어져 조용히 살고 있었다.  하지만 그들의 온화한 일상은 장수의 피를 요구하는 메자테 군에 의해 파괴된다. 모든 것을 잃고 외톨이가 된 이올프의 소녀 마키아는 숲을 방황하던 중 부모를 잃은 아기를 운명적으로 만나 그를 키워 나가기로 결심한다.", "vote_average": 8.3, "genres": [14, 16, 18, 10749], "like_users": [], "win_movies": []}}, {"model": "movies.movie", "pk": 490132, "fields": {"title": "그린 북", "poster_path": "/dyqQ12gZGwl5Y0R9UsLBDkZWOUA.jpg", "overview": "1962년 미국, 입담과 주먹만 믿고 살아가던 토니 발레롱가는 교양과 우아함 그 자체인 천재 피아니스트 돈 셜리의 운전기사 면접을 보게 된다. 백악관에도 초청되는 등 미국 전역에서 콘서트 요청을 받으며 명성을 떨치고 있는 돈 셜리는 위험하기로 소문난 미국 남부 투어 공연을 떠나기로 결심하고, 투어 기간 동안 자신의 보디가드 겸 운전기사로 토니를 고용한다. 거친 인생을 살아온 토니와 교양과 기품을 지키며 살아온 돈. 생각, 행동, 말투, 취향까지 달라도 너무 다른 두 사람은 그들을 위한 여행안내서 그린북에 의존해 특별한 남부 투어를 시작하는데...", "vote_average": 8.2, "genres": [18, 35], "like_users": [], "win_movies": []}}, {"model": "movies.movie", "pk": 496243, "fields": {"title": "기생충", "poster_path": "/jjHccoFjbqlfr4VGLVLT7yek0Xn.jpg", "overview": "전원 백수로 살 길 막막하지만 사이는 좋은 기택 가족. 장남 기우에게 명문대생 친구가 연결시켜 준 고액 과외 자리는 모처럼 싹튼 고정수입의 희망이다. 온 가족의 도움과 기대 속에 박 사장 집으로 향하는 기우. 글로벌 IT기업의 CEO인 박 사장의 저택에 도착하자 젊고 아름다운 사모님 연교와 가정부 문광이 기우를 맞이한다. 큰 문제 없이 박 사장의 딸 다혜의 과외를 시작한 기우. 그러나 이렇게 시작된 두 가족의 만남 뒤로, 걷잡을 수 없는 사건이 기다리고  있는데.....", "vote_average": 8.5, "genres": [18, 35, 53], "like_users": [], "win_movies": []}}, {"model": "movies.movie", "pk": 508965, "fields": {"title": "클라우스", "poster_path": "/1mtsyXMbMdaC5Oc1Jqy8pD0xZLA.jpg", "overview": "공기도 인심도 꽁꽁 얼어붙은 마을. 활기 넘치는 젊은 우체부와 세상을 등지고 장난감을 만드는 목수. 작은 장난감 선물로 냉기가 사라질 수 있을까. 전혀 어울리지 않는 둘의 우정이 차디찬 세상에 온기를 불어넣는다. 《슈퍼배드》 작가의 산타 탄생 이야기.", "vote_average": 8.3, "genres": [12, 14, 16, 35, 10751], "like_users": [], "win_movies": []}}, {"model": "movies.movie", "pk": 517814, "fields": {"title": "가버나움", "poster_path": "/oleotXPpilsHknpNUyitqKG6YLK.jpg", "overview": "칼로 사람을 찌르고 교도소에 갇힌 12살 소년 자인은 부모를 상대로 소송을 제기한다. 신분증도 없고, 출생증명서도 없어서 언제 태어났는지도 모르는 자인. 법정에 선 자인에게 왜 부모를 상대로 소송을 제기하는지 판사가 묻자 자인이 대답한다. ‘태어나게 했으니까요. 이 끔찍한 세상에 태어나게 한 게 그들이니까요.’", "vote_average": 8.2, "genres": [18], "like_users": [], "win_movies": []}}, {"model": "movies.movie", "pk": 518068, "fields": {"title": "신과함께-인과 연", "poster_path": "/2ETx0U2Q5gUHtPJZiQ3hakTqyaR.jpg", "overview": "천 년 동안 48명의 망자를 환생시킨 저승 삼차사, 한 명만 더 환생시키면 그들도 새로운 삶을 얻을 수 있다. 하지만 강림은 원귀였던 수홍을 자신들의 마지막 귀인으로 정한다. 저승법 상 원귀는 소멸되어야하나 염라대왕은 새로운 조건을 내걸며 강림의 제안을 수락한다. 염라의 조건은 성주신이 버티고 있어 저승 차사들이 가는 족족 실패하는 허춘삼 노인을 수홍의 재판이 끝나기 전까지 저승으로 데려오는 것. 허춘삼을 데리러 이승으로 내려간 해원맥과 덕춘, 하지만 성주신의 막강한 힘 앞에 속수무책으로 당하기만 하는데...", "vote_average": 8.3, "genres": [14, 18, 28], "like_users": [], "win_movies": []}}, {"model": "movies.movie", "pk": 527641, "fields": {"title": "파이브 피트", "poster_path": "/8bXlrAzTJKwedmUDKBhiaU7OkqW.jpg", "overview": "같은 병을 가진 사람끼리 6피트 이상 접근해서도, 접촉도 해선 안되는 CF(낭포성 섬유증)를 가진 ‘스텔라’와 ‘윌’. 첫눈에 반한 두 사람은 서로를 위해 안전거리를 유지하려고 하지만 그럴수록 더욱 빠져든다. 손을 잡을 수도 키스를 할 수도 없는 그들은 병 때문에 지켜야 했던 6피트에서 1피트 더 가까워지는 걸 선택하고 처음으로 용기를 내 병원 밖 데이트를 결심한다. 그러나 갑자기 숨을 쉬지 못하는 ‘스텔라’. ‘윌’은 그녀를 살리기 위해 안전거리를 어기게 되는데…", "vote_average": 8.3, "genres": [18, 10749], "like_users": [], "win_movies": []}}, {"model": "movies.movie", "pk": 531428, "fields": {"title": "타오르는 여인의 초상", "poster_path": "/M0mm1VGMZRa6eRzgoZmYW9zPd8.jpg", "overview": "1770년, 젊은 화가 마리안느는 밀라노 귀족과 결혼을 앞둔 여인 엘로이즈의 초상화를 그려달라는 백작 부인의 의뢰를 받고 엘로이즈가 머무는 외딴섬의 영지에서 며칠간 머물게 된다. 마리안느는 엘로이즈가 초상화 그리는 걸 싫어한다는 이유 때문에 화가라는 신분을 숨기고 접근한다. 마리안느는 엘로이즈의 이목구비를 눈에 담기 위해 매일 산책에 동행하면서 그녀가 지닌 아픔을 어루만져주고 친분도 쌓는다. 어쨌든 그녀는 엘로이즈의 결혼을 종용하는 도구로 사용될 초상화 완성에 매진해야 한다.", "vote_average": 8.2, "genres": [18, 10749], "like_users": [], "win_movies": []}}, {"model": "movies.movie", "pk": 533514, "fields": {"title": "극장판 바이올렛 에버가든", "poster_path": "/mBUy2lCwk6fpByQ7GBFKRApKEHb.jpg", "overview": "친애하는 길베르트 소령님, 오늘도 또 당신을 떠올리고 말았습니다.  무엇을 보든 무엇을 하든 당신이 떠오릅니다.  시간이 지나도 당신과 보냈던 기억은 선명하게 되살아납니다. 당신은 날 곁에 두었고 아무것도 모르는 제게 살아가는 방법을 가르쳐 주셨고 처음으로 사랑이라는 감정을 알려주셨습니다.  그래서 이렇게 또 편지를 쓰게 됩니다.  -언젠가 이 편지가 당신에게 닿기를 바라며-", "vote_average": 8.3, "genres": [14, 16, 18, 10749], "like_users": [], "win_movies": []}}, {"model": "movies.movie", "pk": 553512, "fields": {"title": "번 더 스테이지: 더 무비", "poster_path": "/pJKy1yvnKh8UjcuYeG3Rt35xHFA.jpg", "overview": "19개 도시, 40회의 공연, 55만석 날개를 펼친 소년들의 역사. 성공적인 월드 투어로 마무리된 ‘2017 방탄소년단 라이브 트릴로지 에피소드3 윙스 투어(2017 BTS LIVE TRILOGY EPOSODE III THE WINGS TOUR)’를 가장 가까이에서 담아낸 방탄소년단의 첫 번째 영화! 지금, 우리  함께 빛나는 청춘의 순간이 스크린에 펼쳐진다.", "vote_average": 8.5, "genres": [10402], "like_users": [], "win_movies": []}}, {"model": "movies.movie", "pk": 568300, "fields": {"title": "러브 유어셀프 인 서울", "poster_path": "/1u0rtWPgYfAWmqveXOsQDvMRODD.jpg", "overview": "2018년 8월 서울공연을 시작으로, 미주, 유럽, 아시아 등 20개 도시 41회 공연 규모로 열리는 'LOVE YOURSELF’ 투어. 현재 진행 중인 가장 핫한 콘서트를 담은 ‘러브 유어셀프 인 서울’은 미국 빌보드 200 1위에 빛나는 글로벌 그룹 방탄소년단 월드투어의 포문을 여는 서울 콘서트를 담아냈으며, 전 세계가 기다린 최고의 무대를 더욱 생동감 있게 느낄 수 있다.", "vote_average": 8.4, "genres": [10402], "like_users": [], "win_movies": []}}, {"model": "movies.movie", "pk": 572154, "fields": {"title": "청춘 돼지는 꿈꾸는 소녀의 꿈을 꾸지 않는다", "poster_path": "/hqNkm15rQI6049Pg3XPSE8PMW98.jpg", "overview": "하늘과 바다가 반짝이는 마을 \"후지사와\"에 사는 고등학생 아즈사가와 사쿠타는 같은 학교 선배이자 연인인 사쿠라지마 마이와 설레는 일상을 보내고 있다. 하지만 어느 날 첫사랑인 마키노하라 쇼코가 등장하면서 그 일상은 완전히 뒤바뀌어 버린다. 알 수 없는 이유로 '중학생'과 '어른', 두 명이 존재하는 쇼코와 부득이한 동거를 하면서 사쿠타와 마이의 관계가 삐걱거리기 시작한다. 그러던 중 '중학생 쇼코'가 위중한 병을 앓고 있다는 것을 알고 사쿠타의 가슴 흉터는 다시 벌어지는데...", "vote_average": 8.3, "genres": [14, 16, 18, 35, 10749], "like_users": [], "win_movies": []}}, {"model": "movies.movie", "pk": 575813, "fields": {"title": "소년시절의 너", "poster_path": "/nSbgotvBiOkxQyELFRQXA6R9iVk.jpg", "overview": "시험만 잘 치면 멋진 인생을 살 수 있다고 가르치는 세상에서 기댈 곳 없이 세상에 내몰린 우등생 소녀 첸니엔과 양아치 소년 베이. 비슷한 상처와 외로움에 끌려 서로에게 의지하게 된 두 사람은 수능을 하루 앞둔 어느 날, 첸니엔의 삶을 뒤바꿔버릴 거대한 사건에 휘말리게 된다. 첸니엔만은 평범하고 행복하게 살길 바라는 베이는 그녀의 그림자가 되어 모든 것을 해결하기로 마음 먹는데…", "vote_average": 8.2, "genres": [18], "like_users": [], "win_movies": []}}, {"model": "movies.movie", "pk": 610892, "fields": {"title": "바이올렛 에버가든 외전: 영원과 자동수기인형", "poster_path": "/hL2mqR1jdTJ3UUyPC5w9LOrY1qQ.jpg", "overview": "소중한 동생을 지키는 대가로 요크 가문에 입성한 ‘이자벨라’. 더 이상 꿈도 희망도 없는 그녀의 앞에 나타난 자동 수기 인형, ‘바이올렛 에버가든’. 언니의 편지를 받고 C.H 우편사를 찾아온 ‘테일러’는 사람들에게 행복을 전하는 우편배달 일을 시작하고, ‘이자벨라’에게도 자신의 마음을 전하기 위해 ‘바이올렛’에게 대필을 부탁하는데…", "vote_average": 8.2, "genres": [14, 16, 18], "like_users": [], "win_movies": []}}, {"model": "movies.movie", "pk": 620249, "fields": {"title": "나소흑전기: 첫만남편", "poster_path": "/nDieZR47cirx44UZxKQsCbRGYqW.jpg", "overview": "숲속의 집을 잃고 홀로 떠돌던 검은 고양이 요정 ‘소흑’은 도시 뒷골목에서 미스터리한 능력의 요정 ‘풍식’을 만나 위기를 모면한다. ‘풍식’의 무리와 버려진 섬에서 행복한 시간을 보내는 ‘소흑’. 그러던 중 최강 능력의 집행자 ‘무한’이 ‘풍식’을 쫓아 섬에 오자 ‘풍식’ 일행은 달아나고, ‘소흑’만 남게 된다.  홀로 남은 ‘소흑’을 요정들의 회관으로 데려가려는 ‘무한’과 ‘무한’을 무서운 인간이라 여겨 도망치려는 ‘소흑’. 둘은 여정 속에서 점점 마음을 열게 되고, ‘무한’은 ‘소흑’에게 특별한 능력이 있음을 알게 된다.", "vote_average": 8.6, "genres": [14, 16, 28], "like_users": [], "win_movies": []}}, {"model": "movies.movie", "pk": 630566, "fields": {"title": "클라우즈", "poster_path": "/d0OdD1I8qAfETvE9Rp9Voq7R8LR.jpg", "overview": "실화를 배경으로 만들어진 영감을 주는 이야기. 청년 음악가 잭 소비엑은 자신의 몸에 암세포가 퍼져, 이제 남은 시간이 몇 달밖에 없다는 것을 알게 된다. 이제 얼마 남지 않는 시간 동안 그는 자신의 꿈꾸어오던 대로 음악앨범을 만들기로 한다. 그러나 이 음악이 전 세상에 감동을 주는 엄청난 곡이 될 거라는 것을 그때는 알지 못했다. 결국 음악은 잭의 삶에 새로운 의미를 주었고, 그는 세상과 가장 아름답게 이별 인사를 할 수 있게 된다. 전 세계 사람들이 함께할 노래를 남긴 것이다.", "vote_average": 8.3, "genres": [18, 10402, 10749], "like_users": [], "win_movies": []}}, {"model": "movies.movie", "pk": 632632, "fields": {"title": "기븐 극장판", "poster_path": "/tVP1DjnljT1it6cAnn353cdVXDe.jpg", "overview": "고등학생 우에노야마 리츠카는 사토 마후유의 노랫소리에 충격을 받아 나카야마 하루키, 카지 아키히코와 함께 활동하는 밴드에 보컬로 마후유를 영입한다. 마후유 영입 후 첫 공연을 성공시키면서 밴드 '기븐'의 활동을 시작하려는 와중에 마후유를 향한 마음을 자각한 리츠카는 그와 사귀기 시작한다. 한편, 하루키는 오랫동안 품고 있던 아키히코에 대한 호감이 커져만 가고 아키히코는 동거인인 바이올리니스트 우게츠와 관계를 계속 유지하려 하는데... 하루키와 아키히코, 우게츠의 사랑이 스크린에서 삐걱대며 움직인다!", "vote_average": 8.3, "genres": [16, 18, 10402, 10749], "like_users": [], "win_movies": []}}, {"model": "movies.movie", "pk": 635302, "fields": {"title": "극장판 귀멸의 칼날: 무한열차편", "poster_path": "/mxdVTei65ymzhJlalIEtR1qSgV2.jpg", "overview": "혈귀로 변해버린 여동생 네즈코를 인간으로 되돌릴 단서를 찾아 비밀조직 귀살대에 들어간 탄지로. 젠이츠, 이노스케와 새로운 임무 수행을 위해 무한열차에 탑승 후 귀살대 최강 검사 염주 렌고쿠와 합류한다. 달리는 무한열차에서 승객들이 하나 둘 흔적 없이 사라지자 숨어있는 식인 혈귀의 존재를 직감하는 렌고쿠. 귀살대 탄지로 일행과 최강 검사 염주 렌고쿠는 어둠 속을 달리는 무한열차에서 모두의 목숨을 구하기 위해 예측불가능한 능력을 가진 혈귀와 목숨을 건 혈전을 시작하는데...", "vote_average": 8.3, "genres": [12, 14, 16, 28], "like_users": [], "win_movies": []}}, {"model": "movies.movie", "pk": 652837, "fields": {"title": "조제, 호랑이 그리고 물고기들", "poster_path": "/v60S8rPRCQRYSeCtmLiuRpQqIfC.jpg", "overview": "지체장애인인 조제는 그림 그리기를 좋아하며, 미처 경험해 보지 못한 세상에 대한 호기심과 두려움을 동시에 가지고 살아간다. 해양생물학을 전공하며 유학을 준비 중인 츠네오는 바다를 사랑하는 대학생으로 조제와 비슷한 또래이다. 조제를 온실 속 화초처럼 키워온 할머니는 츠네오를 아르바이트생으로 고용하여 조제를 일정 시간 돌보게 한다. 조제는 할머니의 눈을 피해, 혹은 할머니의 묵인하에, 츠네오와 함께 바깥나들이를 시작하고 조금씩 세상을 향해 마음을 열어간다.", "vote_average": 8.4, "genres": [16, 18, 10749], "like_users": [], "win_movies": []}}, {"model": "movies.movie", "pk": 791373, "fields": {"title": "잭 스나이더의 저스티스 리그", "poster_path": "/qd7iPB26bwMPZqRcnflzAeDkMn.jpg", "overview": "슈퍼맨이 죽고 지구에 어둠의 그림자가 드리운다. 마더박스를 차지하기 위해 빌런 스테픈울프가 파라데몬 군단을 이끌고 지구에 온 것이다. 지구를 지키기 위해 목숨을 바친 슈퍼맨의 희생이 헛되지 않도록 하기 위해 브루스 웨인은 다이애나 프린스와 적에 맞서기로 한다. 배트맨과 원더 우먼은 새로이 등장한 위협에 맞서 싸우기 위해 특별한 능력을 가진 메타휴먼, 아쿠아맨과 사이보그, 플래시를 찾아가 설득하여 힘을 합친다. 드디어 한 팀이 된 저스티스 리그. 혹시 스테픈울프와 데사드 그리고 다크사이드를 물리치기에 너무 늦어버린 것이 아닐까?", "vote_average": 8.2, "genres": [12, 14, 28, 878], "like_users": [], "win_movies": []}}, {"model": "movies.movie", "pk": 795607, "fields": {"title": "백사2: 청사의 시련", "poster_path": "/1j0KEGm2fSihFwl1sgM5mu2XE3S.jpg", "overview": "법해를 물리치고 언니를 구하려던 소청은 디스토피아 도시에서 눈을 뜬다. 낯선 이곳은 어딜까. 그런 소청 앞에 전생을 기억하지 못하는 미스터리한 남자가 나타난다.", "vote_average": 8.4, "genres": [12, 14, 16, 28], "like_users": [], "win_movies": []}}, {"model": "movies.movie", "pk": 810693, "fields": {"title": "극장판 주술회전 0", "poster_path": "/gHcga1wgDD4MAeApoOM7yDn9BOq.jpg", "overview": "어린 시절, 소꿉친구인 오리모토 리카를 교통사고로 눈 앞에서 잃은 옷코츠 유타. 옷코츠는 원령으로 변한 리카의 저주에 괴로워한 나머지 자신도 죽기를 바라지만, 최강의 주술사인 고죠 사토루에 의해 주술고전에 들어가게 된다. 그리고 동급생인 젠인 마키, 이누마키 토게, 판다를 만나면서 굳은 결심을 한다. 한편 옷코츠와 친구들 앞에 과거에 일반인을 대량으로 학살해서 고전에서 추방된 최악의 주저사인 게토 스구루가 나타난다. 주술사만의 낙원을 만들려는 게토는 비술사를 섬멸하겠다면서 신주쿠와 교토에 천의 저주를 내리는데...", "vote_average": 8.3, "genres": [14, 16, 28], "like_users": [], "win_movies": []}}, {"model": "movies.movie", "pk": 851644, "fields": {"title": "20세기 소녀", "poster_path": "/xM9Jt2sA6QcvLuHKM0RI3BMtFc5.jpg", "overview": "보라의 둘도 없는 친구 연두는 심장 수술을 위해 미국에 가면서 자신이 좋아하는 남자 백현진에 대한 모든 정보를 수집해 달라고 보라에게 부탁한다. 보라는 백현진의 가장 친한 친구 풍운호와 먼저 친해지기로 한다. 하지만 보라의 서투른 계획은 예상치 못한 방향으로 전개된다. 새로운 세기가 오기 1년 전인 1999년, 17세가 된 보라는 첫사랑의 열병에 빠진다.", "vote_average": 8.8, "genres": [18, 10749], "like_users": [], "win_movies": []}}, {"model": "movies.match", "pk": 1, "fields": {"user": 1, "movie_1": 11, "movie_2": 13, "created_at": "2022-11-21T00:45:00.517Z", "movie_1_voters": [1], "movie_2_voters": [2, 3, 5]}}, {"model": "movies.match", "pk": 2, "fields": {"user": 2, "movie_1": 120, "movie_2": 121, "created_at": "2022-11-21T00:45:24.837Z", "movie_1_voters": [1, 3, 4], "movie_2_voters": [2]}}, {"model": "movies.match", "pk": 3, "fields": {"user": 3, "movie_1": 101, "movie_2": 105, "created_at": "2022-11-21T00:45:47.084Z", "movie_1_voters": [1, 3], "movie_2_voters": []}}, {"model": "movies.match", "pk": 4, "fields": {"user": 4, "movie_1": 128, "movie_2": 129, "created_at": "2022-11-22T05:15:27.982Z", "movie_1_voters": [1, 2], "movie_2_voters": []}}, {"model": "movies.match", "pk": 5, "fields": {"user": 1, "movie_1": 128, "movie_2": 120, "created_at": "2022-11-22T05:41:41.271Z", "movie_1_voters": [1, 3, 4], "movie_2_voters": [2]}}, {"model": "movies.match", "pk": 6, "fields": {"user": 1, "movie_1": 101, "movie_2": 11, "created_at": "2022-11-22T05:49:53.325Z", "movie_1_voters": [1], "movie_2_voters": []}}, {"model": "movies.match", "pk": 8, "fields": {"user": 1, "movie_1": 11, "movie_2": 105, "created_at": "2022-11-24T01:07:20.643Z", "movie_1_voters": [], "movie_2_voters": []}}, {"model": "movies.match", "pk": 9, "fields": {"user": 1, "movie_1": 278, "movie_2": 238, "created_at": "2022-11-24T01:09:04.067Z", "movie_1_voters": [], "movie_2_voters": [2]}}, {"model": "movies.match", "pk": 10, "fields": {"user": 1, "movie_1": 121, "movie_2": 122, "created_at": "2022-11-24T01:13:00.246Z", "movie_1_voters": [], "movie_2_voters": []}}, {"model": "movies.match", "pk": 11, "fields": {"user": 1, "movie_1": 77, "movie_2": 98, "created_at": "2022-11-24T01:13:58.623Z", "movie_1_voters": [], "movie_2_voters": []}}, {"model": "movies.match", "pk": 12, "fields": {"user": 1, "movie_1": 98, "movie_2": 11, "created_at": "2022-11-24T01:15:19.435Z", "movie_1_voters": [], "movie_2_voters": []}}, {"model": "movies.match", "pk": 13, "fields": {"user": 2, "movie_1": 424, "movie_2": 429, "created_at": "2022-11-24T01:16:02.635Z", "movie_1_voters": [], "movie_2_voters": [2]}}, {"model": "movies.match", "pk": 14, "fields": {"user": 2, "movie_1": 11, "movie_2": 98, "created_at": "2022-11-24T02:50:02.483Z", "movie_1_voters": [], "movie_2_voters": []}}, {"model": "movies.match", "pk": 16, "fields": {"user": 2, "movie_1": 128, "movie_2": 1891, "created_at": "2022-11-24T06:27:58.630Z", "movie_1_voters": [2], "movie_2_voters": []}}, {"model": "movies.match", "pk": 17, "fields": {"user": 2, "movie_1": 128, "movie_2": 299534, "created_at": "2022-11-24T06:29:34.750Z", "movie_1_voters": [2], "movie_2_voters": []}}, {"model": "movies.match", "pk": 18, "fields": {"user": 1, "movie_1": 101, "movie_2": 423, "created_at": "2022-11-24T23:35:04.077Z", "movie_1_voters": [1], "movie_2_voters": []}}, {"model": "movies.match", "pk": 19, "fields": {"user": 1, "movie_1": 128, "movie_2": 324857, "created_at": "2022-11-24T23:51:08.715Z", "movie_1_voters": [1], "movie_2_voters": []}}, {"model": "movies.match", "pk": 20, "fields": {"user": 1, "movie_1": 128, "movie_2": 372058, "created_at": "2022-11-24T23:53:26.196Z", "movie_1_voters": [1], "movie_2_voters": []}}, {"model": "movies.comment", "pk": 1, "fields": {"match": 1, "user": 1, "voted_movie": 11, "content": "꼭 보세요", "created_at": "2022-11-21T00:46:10.838Z", "updated_at": "2022-11-21T00:46:10.838Z"}}, {"model": "movies.comment", "pk": 2, "fields": {"match": 1, "user": 4, "voted_movie": null, "content": "뭐가 더 재밌음?", "created_at": "2022-11-21T00:50:00.804Z", "updated_at": "2022-11-21T00:50:00.804Z"}}, {"model": "movies.comment", "pk": 3, "fields": {"match": 2, "user": 2, "voted_movie": 120, "content": "정 말 재 밌 습 니 다", "created_at": "2022-11-21T00:50:43.829Z", "updated_at": "2022-11-21T00:50:43.829Z"}}, {"model": "movies.comment", "pk": 4, "fields": {"match": 1, "user": 2, "voted_movie": null, "content": "댓글 수정!!!!끼야아아ㅏㅇㄱㅇㄱ어ㅏ수정", "created_at": "2022-11-22T01:03:00.001Z", "updated_at": "2022-11-24T02:38:47.212Z"}}, {"model": "movies.comment", "pk": 6, "fields": {"match": 4, "user": 2, "voted_movie": null, "content": "둘다 보셔야합니다.", "created_at": "2022-11-24T01:31:58.371Z", "updated_at": "2022-11-24T01:31:58.371Z"}}, {"model": "movies.comment", "pk": 7, "fields": {"match": 1, "user": 2, "voted_movie": null, "content": "흑흑!!", "created_at": "2022-11-24T02:22:56.347Z", "updated_at": "2022-11-24T02:54:48.629Z"}}, {"model": "movies.comment", "pk": 8, "fields": {"match": 3, "user": 2, "voted_movie": null, "content": "댓글!", "created_at": "2022-11-24T02:49:15.827Z", "updated_at": "2022-11-24T02:49:15.827Z"}}, {"model": "movies.comment", "pk": 11, "fields": {"match": 20, "user": 1, "voted_movie": null, "content": "얍", "created_at": "2022-11-24T23:53:55.011Z", "updated_at": "2022-11-24T23:53:55.011Z"}}, {"model": "movies.comment", "pk": 12, "fields": {"match": 2, "user": 1, "voted_movie": null, "content": "뭐가 더 재밌나요?", "created_at": "2022-11-24T23:54:48.322Z", "updated_at": "2022-11-24T23:54:48.322Z"}}, {"model": "accounts.user", "pk": 1, "fields": {"password": "pbkdf2_sha256$260000$k35bH8WTGPojCtPZ0gfoU2$364dVsLEK8M/7N+370C/p6tgRu1Bq9shkvz20fK+6ss=", "last_login": "2022-11-24T23:57:54.451Z", "is_superuser": true, "username": "kimsj", "first_name": "", "last_name": "", "email": "", "is_staff": true, "is_active": true, "date_joined": "2022-11-21T00:36:05.390Z", "groups": [], "user_permissions": []}}, {"model": "accounts.user", "pk": 2, "fields": {"password": "pbkdf2_sha256$260000$LbJFEn2zlcr9KOcOQOsurW$4yR+XZI9re1UwS1RPyIqYretgHUjVYtfpuLj5xI29E8=", "last_login": "2022-11-24T01:15:37.591Z", "is_superuser": false, "username": "test1", "first_name": "", "last_name": "", "email": "", "is_staff": false, "is_active": true, "date_joined": "2022-11-21T00:44:32.891Z", "groups": [], "user_permissions": []}}, {"model": "accounts.user", "pk": 3, "fields": {"password": "pbkdf2_sha256$260000$b5wp97q42iqTKSBb21QbUA$I4wDtgmb98fih8OhXcspDBetgyqBL53UCQppBT2AmmY=", "last_login": null, "is_superuser": false, "username": "test2", "first_name": "", "last_name": "", "email": "", "is_staff": false, "is_active": true, "date_joined": "2022-11-21T00:44:37.009Z", "groups": [], "user_permissions": []}}, {"model": "accounts.user", "pk": 4, "fields": {"password": "pbkdf2_sha256$260000$BYQhkHpZMHgdGcSZitO9ZD$774lOqmI5eFsw6gJPrM8l8NfNp7UwZ2FUYLvZZ0UgFs=", "last_login": "2022-11-24T23:55:31.477Z", "is_superuser": false, "username": "test3", "first_name": "", "last_name": "", "email": "", "is_staff": false, "is_active": true, "date_joined": "2022-11-21T00:44:43.506Z", "groups": [], "user_permissions": []}}, {"model": "accounts.user", "pk": 5, "fields": {"password": "pbkdf2_sha256$260000$ulrayODQATZk8RDx9uTr9w$ied+z+V2juev94jdWKhkLsKY6Z7rS3xhOOlBjssUaLU=", "last_login": "2022-11-24T23:56:13.799Z", "is_superuser": false, "username": "test4", "first_name": "", "last_name": "", "email": "", "is_staff": false, "is_active": true, "date_joined": "2022-11-24T23:56:13.732Z", "groups": [], "user_permissions": []}}, {"model": "authtoken.token", "pk": "704ae1045ad8313995c36c22a6130689d27039c3", "fields": {"user": 2, "created": "2022-11-23T00:12:52.112Z"}}, {"model": "authtoken.token", "pk": "b817eb1690214bdd4e18b299b7872373c76a25d9", "fields": {"user": 5, "created": "2022-11-24T23:56:13.799Z"}}, {"model": "authtoken.token", "pk": "f4a991fe946554f25864c9e07b84f9d6cb9bda1c", "fields": {"user": 1, "created": "2022-11-21T00:39:03.607Z"}}, {"model": "authtoken.token", "pk": "ff3c339c41984d1005ba050482b9ca3bddf05e40", "fields": {"user": 4, "created": "2022-11-24T23:55:31.462Z"}}, {"model": "sites.site", "pk": 1, "fields": {"domain": "example.com", "name": "example.com"}}, {"model": "admin.logentry", "pk": 1, "fields": {"action_time": "2022-11-21T00:44:32.957Z", "user": 1, "content_type": 5, "object_id": "2", "object_repr": "test1", "action_flag": 1, "change_message": "[{\"added\": {}}]"}}, {"model": "admin.logentry", "pk": 2, "fields": {"action_time": "2022-11-21T00:44:37.076Z", "user": 1, "content_type": 5, "object_id": "3", "object_repr": "test2", "action_flag": 1, "change_message": "[{\"added\": {}}]"}}, {"model": "admin.logentry", "pk": 3, "fields": {"action_time": "2022-11-21T00:44:43.570Z", "user": 1, "content_type": 5, "object_id": "4", "object_repr": "test3", "action_flag": 1, "change_message": "[{\"added\": {}}]"}}, {"model": "admin.logentry", "pk": 4, "fields": {"action_time": "2022-11-21T00:45:00.521Z", "user": 1, "content_type": 3, "object_id": "1", "object_repr": "<Match> 스타워즈 에피소드 4: 새로운 희망 vs 포레스트 검프", "action_flag": 1, "change_message": "[{\"added\": {}}]"}}, {"model": "admin.logentry", "pk": 5, "fields": {"action_time": "2022-11-21T00:45:24.840Z", "user": 1, "content_type": 3, "object_id": "2", "object_repr": "<Match> 반지의 제왕: 반지 원정대 vs 반지의 제왕: 두 개의 탑", "action_flag": 1, "change_message": "[{\"added\": {}}]"}}, {"model": "admin.logentry", "pk": 6, "fields": {"action_time": "2022-11-21T00:45:47.087Z", "user": 1, "content_type": 3, "object_id": "3", "object_repr": "<Match> 레옹 vs 빽 투 더 퓨쳐", "action_flag": 1, "change_message": "[{\"added\": {}}]"}}, {"model": "admin.logentry", "pk": 7, "fields": {"action_time": "2022-11-21T00:46:10.840Z", "user": 1, "content_type": 4, "object_id": "1", "object_repr": "꼭 보세요", "action_flag": 1, "change_message": "[{\"added\": {}}]"}}, {"model": "admin.logentry", "pk": 8, "fields": {"action_time": "2022-11-21T00:50:00.806Z", "user": 1, "content_type": 4, "object_id": "2", "object_repr": "뭐가 더 재밌음?", "action_flag": 1, "change_message": "[{\"added\": {}}]"}}, {"model": "admin.logentry", "pk": 9, "fields": {"action_time": "2022-11-21T00:50:43.831Z", "user": 1, "content_type": 4, "object_id": "3", "object_repr": "정 말 재 밌 습 니 다", "action_flag": 1, "change_message": "[{\"added\": {}}]"}}, {"model": "admin.logentry", "pk": 10, "fields": {"action_time": "2022-11-22T05:15:27.985Z", "user": 1, "content_type": 3, "object_id": "4", "object_repr": "<Match> 모노노케 히메 vs 센과 치히로의 행방불명", "action_flag": 1, "change_message": "[{\"added\": {}}]"}}, {"model": "admin.logentry", "pk": 11, "fields": {"action_time": "2022-11-22T05:41:41.274Z", "user": 1, "content_type": 3, "object_id": "5", "object_repr": "<Match> 모노노케 히메 vs 반지의 제왕: 반지 원정대", "action_flag": 1, "change_message": "[{\"added\": {}}]"}}, {"model": "admin.logentry", "pk": 12, "fields": {"action_time": "2022-11-22T05:42:29.875Z", "user": 1, "content_type": 3, "object_id": "5", "object_repr": "<Match> 모노노케 히메 vs 반지의 제왕: 반지 원정대", "action_flag": 2, "change_message": "[{\"changed\": {\"fields\": [\"Movie 2 voters\"]}}]"}}, {"model": "admin.logentry", "pk": 13, "fields": {"action_time": "2022-11-22T05:49:53.327Z", "user": 1, "content_type": 3, "object_id": "6", "object_repr": "<Match> 레옹 vs 스타워즈 에피소드 4: 새로운 희망", "action_flag": 1, "change_message": "[{\"added\": {}}]"}}, {"model": "admin.logentry", "pk": 14, "fields": {"action_time": "2022-11-22T06:51:22.896Z", "user": 1, "content_type": 3, "object_id": "7", "object_repr": "<Match> 레옹 vs 스타워즈 에피소드 4: 새로운 희망", "action_flag": 1, "change_message": "[{\"added\": {}}]"}}, {"model": "admin.logentry", "pk": 15, "fields": {"action_time": "2022-11-22T06:52:06.687Z", "user": 1, "content_type": 3, "object_id": "7", "object_repr": "<Match> 레옹 vs 스타워즈 에피소드 4: 새로운 희망", "action_flag": 3, "change_message": ""}}, {"model": "admin.logentry", "pk": 16, "fields": {"action_time": "2022-11-24T06:26:51.649Z", "user": 1, "content_type": 3, "object_id": "15", "object_repr": "<Match> 모노노케 히메 vs 센과 치히로의 행방불명", "action_flag": 3, "change_message": ""}}, {"model": "auth.permission", "pk": 1, "fields": {"name": "Can add genre", "content_type": 1, "codename": "add_genre"}}, {"model": "auth.permission", "pk": 2, "fields": {"name": "Can change genre", "content_type": 1, "codename": "change_genre"}}, {"model": "auth.permission", "pk": 3, "fields": {"name": "Can delete genre", "content_type": 1, "codename": "delete_genre"}}, {"model": "auth.permission", "pk": 4, "fields": {"name": "Can view genre", "content_type": 1, "codename": "view_genre"}}, {"model": "auth.permission", "pk": 5, "fields": {"name": "Can add movie", "content_type": 2, "codename": "add_movie"}}, {"model": "auth.permission", "pk": 6, "fields": {"name": "Can change movie", "content_type": 2, "codename": "change_movie"}}, {"model": "auth.permission", "pk": 7, "fields": {"name": "Can delete movie", "content_type": 2, "codename": "delete_movie"}}, {"model": "auth.permission", "pk": 8, "fields": {"name": "Can view movie", "content_type": 2, "codename": "view_movie"}}, {"model": "auth.permission", "pk": 9, "fields": {"name": "Can add match", "content_type": 3, "codename": "add_match"}}, {"model": "auth.permission", "pk": 10, "fields": {"name": "Can change match", "content_type": 3, "codename": "change_match"}}, {"model": "auth.permission", "pk": 11, "fields": {"name": "Can delete match", "content_type": 3, "codename": "delete_match"}}, {"model": "auth.permission", "pk": 12, "fields": {"name": "Can view match", "content_type": 3, "codename": "view_match"}}, {"model": "auth.permission", "pk": 13, "fields": {"name": "Can add comment", "content_type": 4, "codename": "add_comment"}}, {"model": "auth.permission", "pk": 14, "fields": {"name": "Can change comment", "content_type": 4, "codename": "change_comment"}}, {"model": "auth.permission", "pk": 15, "fields": {"name": "Can delete comment", "content_type": 4, "codename": "delete_comment"}}, {"model": "auth.permission", "pk": 16, "fields": {"name": "Can view comment", "content_type": 4, "codename": "view_comment"}}, {"model": "auth.permission", "pk": 17, "fields": {"name": "Can add user", "content_type": 5, "codename": "add_user"}}, {"model": "auth.permission", "pk": 18, "fields": {"name": "Can change user", "content_type": 5, "codename": "change_user"}}, {"model": "auth.permission", "pk": 19, "fields": {"name": "Can delete user", "content_type": 5, "codename": "delete_user"}}, {"model": "auth.permission", "pk": 20, "fields": {"name": "Can view user", "content_type": 5, "codename": "view_user"}}, {"model": "auth.permission", "pk": 21, "fields": {"name": "Can add Token", "content_type": 6, "codename": "add_token"}}, {"model": "auth.permission", "pk": 22, "fields": {"name": "Can change Token", "content_type": 6, "codename": "change_token"}}, {"model": "auth.permission", "pk": 23, "fields": {"name": "Can delete Token", "content_type": 6, "codename": "delete_token"}}, {"model": "auth.permission", "pk": 24, "fields": {"name": "Can view Token", "content_type": 6, "codename": "view_token"}}, {"model": "auth.permission", "pk": 25, "fields": {"name": "Can add token", "content_type": 7, "codename": "add_tokenproxy"}}, {"model": "auth.permission", "pk": 26, "fields": {"name": "Can change token", "content_type": 7, "codename": "change_tokenproxy"}}, {"model": "auth.permission", "pk": 27, "fields": {"name": "Can delete token", "content_type": 7, "codename": "delete_tokenproxy"}}, {"model": "auth.permission", "pk": 28, "fields": {"name": "Can view token", "content_type": 7, "codename": "view_tokenproxy"}}, {"model": "auth.permission", "pk": 29, "fields": {"name": "Can add site", "content_type": 8, "codename": "add_site"}}, {"model": "auth.permission", "pk": 30, "fields": {"name": "Can change site", "content_type": 8, "codename": "change_site"}}, {"model": "auth.permission", "pk": 31, "fields": {"name": "Can delete site", "content_type": 8, "codename": "delete_site"}}, {"model": "auth.permission", "pk": 32, "fields": {"name": "Can view site", "content_type": 8, "codename": "view_site"}}, {"model": "auth.permission", "pk": 33, "fields": {"name": "Can add email address", "content_type": 9, "codename": "add_emailaddress"}}, {"model": "auth.permission", "pk": 34, "fields": {"name": "Can change email address", "content_type": 9, "codename": "change_emailaddress"}}, {"model": "auth.permission", "pk": 35, "fields": {"name": "Can delete email address", "content_type": 9, "codename": "delete_emailaddress"}}, {"model": "auth.permission", "pk": 36, "fields": {"name": "Can view email address", "content_type": 9, "codename": "view_emailaddress"}}, {"model": "auth.permission", "pk": 37, "fields": {"name": "Can add email confirmation", "content_type": 10, "codename": "add_emailconfirmation"}}, {"model": "auth.permission", "pk": 38, "fields": {"name": "Can change email confirmation", "content_type": 10, "codename": "change_emailconfirmation"}}, {"model": "auth.permission", "pk": 39, "fields": {"name": "Can delete email confirmation", "content_type": 10, "codename": "delete_emailconfirmation"}}, {"model": "auth.permission", "pk": 40, "fields": {"name": "Can view email confirmation", "content_type": 10, "codename": "view_emailconfirmation"}}, {"model": "auth.permission", "pk": 41, "fields": {"name": "Can add social account", "content_type": 11, "codename": "add_socialaccount"}}, {"model": "auth.permission", "pk": 42, "fields": {"name": "Can change social account", "content_type": 11, "codename": "change_socialaccount"}}, {"model": "auth.permission", "pk": 43, "fields": {"name": "Can delete social account", "content_type": 11, "codename": "delete_socialaccount"}}, {"model": "auth.permission", "pk": 44, "fields": {"name": "Can view social account", "content_type": 11, "codename": "view_socialaccount"}}, {"model": "auth.permission", "pk": 45, "fields": {"name": "Can add social application", "content_type": 12, "codename": "add_socialapp"}}, {"model": "auth.permission", "pk": 46, "fields": {"name": "Can change social application", "content_type": 12, "codename": "change_socialapp"}}, {"model": "auth.permission", "pk": 47, "fields": {"name": "Can delete social application", "content_type": 12, "codename": "delete_socialapp"}}, {"model": "auth.permission", "pk": 48, "fields": {"name": "Can view social application", "content_type": 12, "codename": "view_socialapp"}}, {"model": "auth.permission", "pk": 49, "fields": {"name": "Can add social application token", "content_type": 13, "codename": "add_socialtoken"}}, {"model": "auth.permission", "pk": 50, "fields": {"name": "Can change social application token", "content_type": 13, "codename": "change_socialtoken"}}, {"model": "auth.permission", "pk": 51, "fields": {"name": "Can delete social application token", "content_type": 13, "codename": "delete_socialtoken"}}, {"model": "auth.permission", "pk": 52, "fields": {"name": "Can view social application token", "content_type": 13, "codename": "view_socialtoken"}}, {"model": "auth.permission", "pk": 53, "fields": {"name": "Can add log entry", "content_type": 14, "codename": "add_logentry"}}, {"model": "auth.permission", "pk": 54, "fields": {"name": "Can change log entry", "content_type": 14, "codename": "change_logentry"}}, {"model": "auth.permission", "pk": 55, "fields": {"name": "Can delete log entry", "content_type": 14, "codename": "delete_logentry"}}, {"model": "auth.permission", "pk": 56, "fields": {"name": "Can view log entry", "content_type": 14, "codename": "view_logentry"}}, {"model": "auth.permission", "pk": 57, "fields": {"name": "Can add permission", "content_type": 15, "codename": "add_permission"}}, {"model": "auth.permission", "pk": 58, "fields": {"name": "Can change permission", "content_type": 15, "codename": "change_permission"}}, {"model": "auth.permission", "pk": 59, "fields": {"name": "Can delete permission", "content_type": 15, "codename": "delete_permission"}}, {"model": "auth.permission", "pk": 60, "fields": {"name": "Can view permission", "content_type": 15, "codename": "view_permission"}}, {"model": "auth.permission", "pk": 61, "fields": {"name": "Can add group", "content_type": 16, "codename": "add_group"}}, {"model": "auth.permission", "pk": 62, "fields": {"name": "Can change group", "content_type": 16, "codename": "change_group"}}, {"model": "auth.permission", "pk": 63, "fields": {"name": "Can delete group", "content_type": 16, "codename": "delete_group"}}, {"model": "auth.permission", "pk": 64, "fields": {"name": "Can view group", "content_type": 16, "codename": "view_group"}}, {"model": "auth.permission", "pk": 65, "fields": {"name": "Can add content type", "content_type": 17, "codename": "add_contenttype"}}, {"model": "auth.permission", "pk": 66, "fields": {"name": "Can change content type", "content_type": 17, "codename": "change_contenttype"}}, {"model": "auth.permission", "pk": 67, "fields": {"name": "Can delete content type", "content_type": 17, "codename": "delete_contenttype"}}, {"model": "auth.permission", "pk": 68, "fields": {"name": "Can view content type", "content_type": 17, "codename": "view_contenttype"}}, {"model": "auth.permission", "pk": 69, "fields": {"name": "Can add session", "content_type": 18, "codename": "add_session"}}, {"model": "auth.permission", "pk": 70, "fields": {"name": "Can change session", "content_type": 18, "codename": "change_session"}}, {"model": "auth.permission", "pk": 71, "fields": {"name": "Can delete session", "content_type": 18, "codename": "delete_session"}}, {"model": "auth.permission", "pk": 72, "fields": {"name": "Can view session", "content_type": 18, "codename": "view_session"}}, {"model": "contenttypes.contenttype", "pk": 1, "fields": {"app_label": "movies", "model": "genre"}}, {"model": "contenttypes.contenttype", "pk": 2, "fields": {"app_label": "movies", "model": "movie"}}, {"model": "contenttypes.contenttype", "pk": 3, "fields": {"app_label": "movies", "model": "match"}}, {"model": "contenttypes.contenttype", "pk": 4, "fields": {"app_label": "movies", "model": "comment"}}, {"model": "contenttypes.contenttype", "pk": 5, "fields": {"app_label": "accounts", "model": "user"}}, {"model": "contenttypes.contenttype", "pk": 6, "fields": {"app_label": "authtoken", "model": "token"}}, {"model": "contenttypes.contenttype", "pk": 7, "fields": {"app_label": "authtoken", "model": "tokenproxy"}}, {"model": "contenttypes.contenttype", "pk": 8, "fields": {"app_label": "sites", "model": "site"}}, {"model": "contenttypes.contenttype", "pk": 9, "fields": {"app_label": "account", "model": "emailaddress"}}, {"model": "contenttypes.contenttype", "pk": 10, "fields": {"app_label": "account", "model": "emailconfirmation"}}, {"model": "contenttypes.contenttype", "pk": 11, "fields": {"app_label": "socialaccount", "model": "socialaccount"}}, {"model": "contenttypes.contenttype", "pk": 12, "fields": {"app_label": "socialaccount", "model": "socialapp"}}, {"model": "contenttypes.contenttype", "pk": 13, "fields": {"app_label": "socialaccount", "model": "socialtoken"}}, {"model": "contenttypes.contenttype", "pk": 14, "fields": {"app_label": "admin", "model": "logentry"}}, {"model": "contenttypes.contenttype", "pk": 15, "fields": {"app_label": "auth", "model": "permission"}}, {"model": "contenttypes.contenttype", "pk": 16, "fields": {"app_label": "auth", "model": "group"}}, {"model": "contenttypes.contenttype", "pk": 17, "fields": {"app_label": "contenttypes", "model": "contenttype"}}, {"model": "contenttypes.contenttype", "pk": 18, "fields": {"app_label": "sessions", "model": "session"}}, {"model": "sessions.session", "pk": "2ontd8rjnym8ailyqj2tensenopzbuye", "fields": {"session_data": ".eJxVjEEOwiAQRe_C2pCBUigu3fcMZMoMUjWQlHZlvLtt0oVu33v_v0XAbc1ha7yEmcRVKHH5ZRPGJ5dD0APLvcpYy7rMkzwSedomx0r8up3t30HGlve1scrG5Cz6iD0pS2ASsidyGgdNkLxj2pHRPVB0dtBAHXngrkvgjBefL_XqOAs:1oyM6M:tNoKdsx_m1cWhjmp2Bop0WJWrB980IAOtm4sGGVpPOo", "expire_date": "2022-12-08T23:57:54.451Z"}}, {"model": "sessions.session", "pk": "5bo04fv968e6v68e9bhriflhn7hzgy7z", "fields": {"session_data": ".eJxVjEEOwiAQRe_C2pCBUigu3fcMZMoMUjWQlHZlvLtt0oVu33v_v0XAbc1ha7yEmcRVKHH5ZRPGJ5dD0APLvcpYy7rMkzwSedomx0r8up3t30HGlve1scrG5Cz6iD0pS2ASsidyGgdNkLxj2pHRPVB0dtBAHXngrkvgjBefL_XqOAs:1oyLic:5glD3-t_4jtwfLhu96aYUPzYq3IYp7oYlXHLZmUSoz0", "expire_date": "2022-12-08T23:33:22.078Z"}}, {"model": "sessions.session", "pk": "613rv6vjs1agoutto3kdaaxpl57xgac8", "fields": {"session_data": ".eJxVjMsOwiAQRf-FtSEMUB4u3fsNZIaHVA0kpV0Z_12bdKHbe865LxZwW2vYRl7CnNiZSXb63QjjI7cdpDu2W-ext3WZie8KP-jg157y83K4fwcVR_3WYMDRlNASZGU9GukJRJIkScQirTbFA-gohADlgKRDZZxV2RYxgfbs_QHGjjab:1oy0q1:f_FqYbXdtsD4_WgG1oLwtqHqzbncNqgNafO2AxdX118", "expire_date": "2022-12-08T01:15:37.591Z"}}, {"model": "sessions.session", "pk": "7q0sgk2alz9k42g3t5zfwyas2kgsmcax", "fields": {"session_data": ".eJxVjEEOwiAQRe_C2pBOQcq4dO8ZyDADUjU0Ke3KeHfbpAvd_vfef6tA61LC2tIcRlEXZdXpd4vEz1R3IA-q90nzVJd5jHpX9EGbvk2SXtfD_Tso1MpWZyLEZJCBvIdoCF2KvUNjHZ_FDgAddlmM5d5nD5tr0ZEQOUbwA6rPF-QiN5Y:1oyM43:CDApjDk_7zpZ7ckcSO5hYVSLRos1w_CHEp82j8ZxufI", "expire_date": "2022-12-08T23:55:31.477Z"}}, {"model": "sessions.session", "pk": "acx6yt89lpvmfbjsgnuqstpjeglmtg1s", "fields": {"session_data": ".eJxVjEEOwiAQRe_C2pCBUigu3fcMZMoMUjWQlHZlvLtt0oVu33v_v0XAbc1ha7yEmcRVKHH5ZRPGJ5dD0APLvcpYy7rMkzwSedomx0r8up3t30HGlve1scrG5Cz6iD0pS2ASsidyGgdNkLxj2pHRPVB0dtBAHXngrkvgjBefL_XqOAs:1oxetJ:LnVpuuV-mS1TgUs3g8uLroMMs0cBVS00FSMsyh27IE8", "expire_date": "2022-12-07T01:49:33.613Z"}}, {"model": "sessions.session", "pk": "imns3g7ov9tzaldf2h79vckl1lcm41fb", "fields": {"session_data": ".eJxVjEEOwiAQRe_C2pCBUigu3fcMZMoMUjWQlHZlvLtt0oVu33v_v0XAbc1ha7yEmcRVKHH5ZRPGJ5dD0APLvcpYy7rMkzwSedomx0r8up3t30HGlve1scrG5Cz6iD0pS2ASsidyGgdNkLxj2pHRPVB0dtBAHXngrkvgjBefL_XqOAs:1oy5h1:Lu2QXsjpHp6EGLPqPi6r6_YLjbektn2fpPZrPc4tO_g", "expire_date": "2022-12-08T06:26:39.727Z"}}, {"model": "sessions.session", "pk": "jd6j3lapwq867jg1uzgpy9akuo60u7kg", "fields": {"session_data": ".eJxVjEEOwiAQRe_C2pCBUigu3fcMZMoMUjWQlHZlvLtt0oVu33v_v0XAbc1ha7yEmcRVKHH5ZRPGJ5dD0APLvcpYy7rMkzwSedomx0r8up3t30HGlve1scrG5Cz6iD0pS2ASsidyGgdNkLxj2pHRPVB0dtBAHXngrkvgjBefL_XqOAs:1oyLz9:4FDDVnRgQMjYnK7ug6i2FIFAObKsZIxFviHFxDL5fb0", "expire_date": "2022-12-08T23:50:27.572Z"}}, {"model": "sessions.session", "pk": "lggvzqm5ssdt1j45qkk4gzxtqi8cckhj", "fields": {"session_data": ".eJxljEEOwiAQRe_CuiFUKIQu3XsGMsxMLYo0aYsb4921pjExbt97_z8EIE61rOHOcxoSU-AbpCz6UnNuvrYuPItedKIRAeo6fkBI9M8i4JXLJugC5TxJnMo6pyi3RO52kaeJOB_39udghGV8rw-olTNglFYeNfhotVNe2U5FPZByYJgigkIPzlnbscaBDLWtNcZZB-L5Al48SPc:1oyM4j:kepVHEwvljmoD9NTdy0iDiLsQ9_zzamQ_lfwvhjit84", "expire_date": "2022-12-08T23:56:13.814Z"}}, {"model": "sessions.session", "pk": "o6ksqz7nqry8dztb0t36ehuqs08irun6", "fields": {"session_data": ".eJxVjEEOwiAQRe_C2pCBUigu3fcMZMoMUjWQlHZlvLtt0oVu33v_v0XAbc1ha7yEmcRVKHH5ZRPGJ5dD0APLvcpYy7rMkzwSedomx0r8up3t30HGlve1scrG5Cz6iD0pS2ASsidyGgdNkLxj2pHRPVB0dtBAHXngrkvgjBefL_XqOAs:1owuoy:EQE0k-kECg2Vd_xFamV7XT5jQkPxKjS7eEIJ1GiB578", "expire_date": "2022-12-05T00:38:00.512Z"}}, {"model": "sessions.session", "pk": "p2xzy7h5xhz9shhtgq5b6nurtk2bjski", "fields": {"session_data": ".eJxVjMsOwiAQRf-FtSEMUB4u3fsNZIaHVA0kpV0Z_12bdKHbe865LxZwW2vYRl7CnNiZSXb63QjjI7cdpDu2W-ext3WZie8KP-jg157y83K4fwcVR_3WYMDRlNASZGU9GukJRJIkScQirTbFA-gohADlgKRDZZxV2RYxgfbs_QHGjjab:1oxdNk:CIWFjHLxmKkVwIzhhtyqiM4MQkqKLwOZ007UqWSJ1Ew", "expire_date": "2022-12-07T00:12:52.128Z"}}, {"model": "sessions.session", "pk": "wv653ce3geeua4unmj3aydmavjjeb4rr", "fields": {"session_data": ".eJxVjEEOwiAQRe_C2pCBUigu3fcMZMoMUjWQlHZlvLtt0oVu33v_v0XAbc1ha7yEmcRVKHH5ZRPGJ5dD0APLvcpYy7rMkzwSedomx0r8up3t30HGlve1scrG5Cz6iD0pS2ASsidyGgdNkLxj2pHRPVB0dtBAHXngrkvgjBefL_XqOAs:1owupz:SaP4yKMyEvvuw8bdHBCUGG3EobQiAP2LgBzUSeEMykM", "expire_date": "2022-12-05T00:39:03.623Z"}}]